,,,,,,,,,,,,
Theme,Subtheme,Set #,Set Name,Age,Piece Count,Retirement Date,LEGO.com Link,,,,,"Notes: (Exclusivity, release, etc.)"
Pick-a-Brick,-,-,Retiring Pick-a-Brick Pieces,-,-,"Dec 31, 2025",US,CA,UK,AU,MX,
Animal Crossing,-,30703,Julian's Beach Painting (Polybag),6+,43,"Dec 31, 2025",US,CA,UK,AU,MX,
Animal Crossing,- ,77046,Julian's Birthday Party,6+,170,"Dec 31, 2025",US,CA,UK,AU,MX,
Animal Crossing,- ,77047,Bunnie's Outdoor Activities,6+,164,"Dec 31, 2025",US,CA,UK,AU,MX,
Animal Crossing,- ,77048,Kapp'n's Island Boat Tour,6+,233,"Dec 31, 2025",US,CA,UK,AU,MX,
Animal Crossing,- ,77049,Isabelle's House Visit,6+,389,"Dec 31, 2025",US,CA,UK,AU,MX,
Animal Crossing,- ,77050,Nook's Cranny & Rosie's House,7+,535,"Dec 31, 2025",US,CA,UK,AU,MX,
Animal Crossing,-,77051,Fly with Dodo Airlines,7+,292,"Dec 31, 2025",US,CA,UK,AU,MX,
Animal Crossing,-,77052,K.K.'s Concert at the Plaza,7+,550,"Dec 31, 2025",US,CA,UK,AU,MX,
Animal Crossing,-,77054,Leif's Caravan & Garden Shop,7+,263,"Jul 31, 2026",US,CA,UK,AU,MX,
Animal Crossing,-,77055,Able Sisters' Clothing Shop,6+,322,"Jul 31, 2026",US,CA,UK,AU,MX,
Animal Crossing,-,77057,Creative Houses: Seasons of Fun,,,"Jul 31, 2026",US,CA,UK,AU,MX,
Animal Crossing,-,77053,Stargazing with Celeste,6+,78,"Dec 31, 2026",US,CA,UK,AU,MX,
Animal Crossing,-,77056,Blathers's Museum Collection,,,"Dec 31, 2026",US,CA,UK,AU,MX,
Animal Crossing,-,77058,Goldie's Cosy House,,,"Dec 31, 2026",US,CA,UK,AU,MX,
Architecture,- ,21028,New York City,12+,598,"Dec 31, 2025",US,CA,UK,AU,MX,
Architecture,- ,21044,Paris,12+,649,"Dec 31, 2025",US,CA,UK,AU,MX,
Architecture,- ,21042,Statue of Liberty,16+,1685,"Jul 31, 2026",US,CA,UK,AU,MX,
Architecture,- ,21058,The Great Pyramid of Giza,18+,1476,"Jul 31, 2026",US,CA,UK,AU,MX,
Architecture,- ,21060,Himeji Castle,18+,2125,"Dec 31, 2026",US,CA,UK,AU,MX,
Architecture,- ,21034,London,12+,468,"Jul 31, 2027",US,CA,UK,AU,MX,
Architecture,LEGO House,21037,LEGO House,12+,774,"Jul 31, 2027",US,CA,UK,AU,MX,(EU) Exclusive to LEGO | (WW) The LEGO House
Architecture,-,21061,Notre-Dame de Paris,18+,4383,"Dec 31, 2027",US,CA,UK,AU,MX,
Architecture,-,21062,Trevi Fountain,18+,1880,"Dec 31, 2028",US,CA,UK,AU,MX,
Architecture,-,21063,Neuschwanstein Castle,18+,3455,"Dec 31, 2028",US,CA,UK,AU,MX,
Architecture,-,21064,Paris,18+,958,"Dec 31, 2028",US,CA,UK,AU,MX,
Art,- ,31208,Hokusai - The Great Wave,18+,1810,"Jul 31, 2026",US,CA,UK,AU,MX,
Art,-,31213,Mona Lisa,18+,1503,"Jul 31, 2026",US,CA,UK,AU,MX,
Art,Fauna Collection,31217,The Fauna Collection - Tiger,,,"Jul 31, 2026",US,CA,UK,AU,MX,
Art,-,31216,Keith Haring - Dancing Figures,18+,1773,"Dec 31, 2026",US,CA,UK,AU,MX,
Art,Space,31212,The Milky Way Galaxy,18+,3091,"Dec 31, 2027",US,CA,UK,AU,MX,
Art,-,31214,LOVE,18+,791,"Dec 31, 2027",US,CA,UK,AU,MX,
Art,-,31215,Vincent van Gogh - Sunflowers,18+,2615,"Dec 31, 2027",US,CA,UK,AU,MX,
Art,-,31218,Japanese Cherry Blossom Landscape,18+,1892,"Dec 31, 2028",US,CA,UK,AU,MX,
Bluey,-,11201,Playground Fun with Bluey and Chloe,4+,104,"Dec 31, 2026",US,CA,UK,AU,MX,
Bluey,-,11202,Bluey's Beach & Family Car Trip,4+,133,"Dec 31, 2026",US,CA,UK,AU,MX,
Bluey,-,30687,Bluey Tea Party (Polybag),4+,33,"Dec 31, 2026",US,CA,UK,AU,MX,
Bluey,-,11203,Bluey's Family House,4+,382,"Dec 31, 2027",US,CA,UK,AU,MX,
Botanicals,Multipack,66809,Evergreen Collector's Set,18+,599,"Dec 31, 2025",n/a,n/a,n/a,n/a,n/a,"(Contains 10343, 10344)"
Botanicals,Botanical Collection,10345,Flower Arrangement,18+,1161,"Dec 31, 2026",US,CA,UK,AU,MX,
Botanicals,Botanical Collection,30701,Field Flowers,9,77,"Dec 31, 2026",US,CA,UK,AU,MX,
Botanicals,Botanical Collection,10373,Mini Bonsai Trees,18+,709,"Jul 31, 2027",US,CA,UK,AU,MX,(US) Amazon exclusive
Botanicals,Botanical Collection,10343,Mini Orchid,18+,274,"Dec 31, 2027",US,CA,UK,AU,MX,
Botanicals,Botanical Collection,10344,Lucky Bamboo,18+,325,"Dec 31, 2027",US,CA,UK,AU,MX,
Botanicals,Botanical Collection,10348,Japanese Maple Tree,,,"Dec 31, 2027",US,CA,UK,AU,MX,
Botanicals,Botanical Collection,10349,Happy Plants,,,"Dec 31, 2027",US,CA,UK,AU,MX,
Botanicals,Botanical Collection,10372,Hibiscus,18+,660,"Dec 31, 2027",US,CA,UK,AU,MX,(US) TBA exclusive
Botanicals,Botanical Collection,10342,Pretty Pink Flower Bouquet,18+,749,"Dec 31, 2028",US,CA,UK,AU,MX,
Botanicals,Botanical Collection,10347,Petite Sunny Bouquet,9+,373,"Dec 31, 2028",US,CA,UK,AU,MX,
Botanicals,Botanical Collection,10374,Bouquet of Pink Roses,18+,789,"Dec 31, 2028",US,CA,UK,AU,MX,(WW) Exclusive to TBA
Botanicals,Botanical Collection,11501,Tulip Bouquet,18+,576,"Dec 31, 2028",US,CA,UK,AU,MX,
Botanicals,Botanical Collection,11504,Peace Lily,18+,474,"Dec 31, 2028",US,CA,UK,AU,MX,
Botanicals,Botanical Collection,11508,Daisies,9+,133,"Dec 31, 2028",US,CA,UK,AU,MX,
Botanicals,Botanical Collection,11509,Flowering Cactus,9+,482,"Dec 31, 2028",US,CA,UK,AU,MX,
BrickHeadz,Star Wars,40547,Obi-Wan Kenobi & Darth Vader,10+,260,"Dec 31, 2025",US,CA,UK,AU,MX,(WW) Exclusive to LEGO
BrickHeadz,Marvel,40668,Captain America & Red Hulk,10+,202,"Dec 31, 2025",US,CA,UK,AU,MX,(WW) Exclusive to LEGO
BrickHeadz,Marvel,40669,Iron Man MK5,10+,101,"Dec 31, 2025",US,CA,UK,AU,MX,(WW) Exclusive to LEGO
BrickHeadz,Marvel,40670,Iron Spider-Man,10+,91,"Dec 31, 2025",US,CA,UK,AU,MX,(WW) Exclusive to LEGO
BrickHeadz,Marvel,40671,Potted Groot,10+,113,"Dec 31, 2025",US,CA,UK,AU,MX,(WW) Exclusive to LEGO
BrickHeadz,Star Wars,40675,Clone Commander Cody,10+,147,"Dec 31, 2025",US,CA,UK,AU,MX,(WW) Exclusive to LEGO
BrickHeadz,Batman,40748,Batman 8in1,10+,325,"Dec 31, 2025",US,CA,UK,AU,MX,(WW) Exclusive to LEGO
BrickHeadz,Wednesday,40750,Wednesday & Enid,10+,239,"Dec 31, 2025",US,CA,UK,AU,MX,(WW) Exclusive to LEGO
BrickHeadz,Disney,40792,Dumbo,10+,176,"Dec 31, 2025",US,CA,UK,AU,MX,(WW) Exclusive to LEGO
BrickHeadz,-,40793,Tom & Jerry,10+,212,"Dec 31, 2025",US,CA,UK,AU,MX,(WW) Exclusive to LEGO
BrickHeadz,Wicked,40794,Elphaba & Glinda,10+,325,"Dec 31, 2025",US,CA,UK,AU,MX,(WW) Exclusive to LEGO
BrickHeadz,Star Wars,40796,Revenge of the Sith Heroes & Villains,,,"Dec 31, 2025",US,CA,UK,AU,MX,(WW) Exclusive to LEGO
BrickHeadz,Disney,40798,Red Panda Mei,10+,121,"Dec 31, 2025",US,CA,UK,AU,MX,(WW) Exclusive to LEGO
BrickHeadz,One Piece,40799,Monkey D. Luffy,10+,136,"Dec 31, 2025",US,CA,UK,AU,MX,(WW) Exclusive to LEGO
BrickHeadz,One Piece,40800,Buggy the Clown,10+,176,"Dec 31, 2025",US,CA,UK,AU,MX,(WW) Exclusive to LEGO
BrickHeadz,Disney,40619,EVE & WALL-E,10+,155,"Dec 31, 2026",US,CA,UK,AU,MX,(WW) Exclusive to LEGO
BrickHeadz,Disney,40674,Stitch,10+,152,"Dec 31, 2026",US,CA,UK,AU,MX,(WW) Exclusive to LEGO
BrickHeadz,Disney,40749,"Joy, Sadness & Anxiety",10+,300,"Dec 31, 2026",US,CA,UK,AU,MX,(WW) Exclusive to LEGO
BrickHeadz,Disney,40752,"Carl, Russell, & Kevin ",10+,308,"Dec 31, 2026",US,CA,UK,AU,MX,(WW) Exclusive to LEGO
BrickHeadz,Harry Potter,40791,The Goblet of Fire Figures,10+,671,"Dec 31, 2026",US,CA,UK,AU,MX,(WW) Exclusive to LEGO
BrickHeadz,Star Wars,40795,Luke Skywalker (Rebel Pilot),,,"Dec 31, 2026",US,CA,UK,AU,MX,(WW) Exclusive to LEGO
BrickHeadz,Disney,40797,Eeyore,10+,156,"Dec 31, 2026",US,CA,UK,AU,MX,(WW) Exclusive to LEGO
BrickHeadz,Stranger Things,40801,"Mike, Dustin, Lucas and Will",10+,542,"Dec 31, 2026",US,CA,UK,AU,MX,(WW) Exclusive to LEGO
BrickHeadz,Harry Potter,40802,Luna Lovegood & Thestral Figures,10+,292,"Dec 31, 2026",US,CA,UK,AU,MX,(WW) Exclusive to LEGO
BrickHeadz,Transformers,40803,Optimus Prime Robot & Vehicle,,,"Dec 31, 2026",US,CA,UK,AU,MX,(WW) Exclusive to LEGO
BrickHeadz,Transformers,40804,Bumblebee Robot & Vehicle,,,"Dec 31, 2026",US,CA,UK,AU,MX,(WW) Exclusive to LEGO
BrickHeadz,Fortnite,40884,Drift & Raven Figures,10+,280,"Dec 31, 2026",US,CA,UK,AU,MX,(WW) Exclusive to LEGO
City,Jungle,30665,Baby Gorilla Encounter Polybag,5+,34,"Dec 31, 2025",US,CA,UK,AU,MX,
City,-,30693,Police Water Scooter (Polybag),5,29,"Dec 31, 2025",US,CA,UK,AU,MX,
City,Space,30694,Space Science Mech (Polybag),,49,"Dec 31, 2025",US,CA,UK,AU,MX,
City,-,60198,Cargo Train,6-12,1226,"Dec 31, 2025",US,CA,UK,AU,MX,"Available in some regions, retired in others."
City,- ,60369,Mobile Police Dog Training,5+,197,"Dec 31, 2025",US,CA,UK,AU,MX,
City,- ,60374,Fire Command Truck,7+,502,"Dec 31, 2025",US,CA,UK,AU,MX,
City,- ,60391,Construction Trucks and Wrecking Ball Crane,4+,235,"Dec 31, 2025",US,CA,UK,AU,MX,
City,-,60401,Construction Steamroller,5+,78,"Dec 31, 2025",US,CA,UK,AU,MX,
City,-,60406,Race Car and Car Carrier Truck,6+,328,"Dec 31, 2025",US,CA,UK,AU,MX,
City,-,60408,Car Transporter Truck with Sports Cars,7+,998,"Dec 31, 2025",US,CA,UK,AU,MX,
City,-,60409,Yellow Mobile Construction Crane,9+,1116,"Dec 31, 2025",US,CA,UK,AU,MX,
City,-,60412,4x4 Fire Engine with Rescue Boat,5+,301,"Dec 31, 2025",US,CA,UK,AU,MX,
City,-,60413,Fire Rescue Plane,6+,478,"Dec 31, 2025",US,CA,UK,AU,MX,
City,-,60418,Police Mobile Crime Lab Truck,7+,674,"Dec 31, 2025",US,CA,UK,AU,MX,
City,-,60420,Yellow Construction Excavator,8+,633,"Dec 31, 2025",US,CA,UK,AU,MX,
City,-,60421,Robot World Roller-Coaster Park,8+,986,"Dec 31, 2025",US,CA,UK,AU,MX,
City,-,60422,Seaside Harbor With Cargo Ship,8+,1226,"Dec 31, 2025",US,CA,UK,AU,MX,
City,Jungle,60426,Jungle Explorer Off-Road Truck,6+,314,"Dec 31, 2025",US,CA,UK,AU,MX,
City,Space,60429,Spaceship and Asteroid Discovery (4+),4+,126,"Dec 31, 2025",US,CA,UK,AU,MX,
City,Space,60431,Space Explorer Rover and Alien Life,6+,311,"Dec 31, 2025",US,CA,UK,AU,MX,
City,Space,60433,Modular Space Station,7+,1097,"Dec 31, 2025",US,CA,UK,AU,MX,
City,Space,60434,Space Base and Rocket Launchpad,8+,1422,"Dec 31, 2025",US,CA,UK,AU,MX,
City,-,60435,Tow Truck (4+),4+,101,"Dec 31, 2025",US,CA,UK,AU,MX,
City,Jungle,60437,Jungle Explorer Helicopter at Base Camp,8+,881,"Dec 31, 2025",US,CA,UK,AU,MX,
City,Space,60439,Space Science Lab,6+,560,"Dec 31, 2025",US,CA,UK,AU,MX,(US) Exclusive to Target | (DE) Müller
City,Formula 1,60444,F1 Garage & Mercedes-AMG & Alpine Cars,7+,678,"Dec 31, 2025",US,CA,UK,AU,MX,
City,Space,60446,Modular Galactic Spaceship,7+,717,"Dec 31, 2025",US,CA,UK,AU,MX,
City,-,60448,Sports Car,5+,109,"Dec 31, 2025",US,CA,UK,AU,MX,
City,-,60449,Off-Road Police Car Chase,6+,467,"Dec 31, 2025",US,CA,UK,AU,MX,(US) Exclusive to Kohls
City,-,60450,Wheel Loader,4+,81,"Dec 31, 2025",US,CA,UK,AU,MX,
City,-,60453,Lifeguard Truck,6+,214,"Dec 31, 2025",US,CA,UK,AU,MX,
City,-,60458,Pizza Vs. Fire Truck,5+,70,"Dec 31, 2025",US,CA,UK,AU,MX,
City,-,60459,Aeroplane Vs. Hospital Bed,5+,70,"Dec 31, 2025",US,CA,UK,AU,MX,
City,-,60460,No Limits: Race Car Ramp Track,6+,436,"Dec 31, 2025",US,CA,UK,AU,MX,
City,-,60461,Red Farm Tractor,4+,116,"Dec 31, 2025",US,CA,UK,AU,MX,
City,-,60472,Scrapyard,7+,871,"Dec 31, 2025",US,CA,UK,AU,MX,
City,Formula 1,60474,F1 Grid with VCARB & Sauber Race Cars,6+,313,"Dec 31, 2025",US,CA,UK,AU,MX,(US) Exclusive to Target
City,Holiday,60475,LEGO City Advent Calendar 2025,5+,186,"Dec 31, 2025",US,CA,UK,AU,MX,
City,Multipack,66803,Built For Speed Gift Set,5+,348,"Dec 31, 2025",US,CA,UK,AU,MX,(Contains TBA)
City,- ,60368,Arctic Explorer Ship,7+,815,"Jul 31, 2026",US,CA,UK,AU,MX,
City,-,60440,Yellow Delivery Truck,8+,1061,"Jul 31, 2026",US,CA,UK,AU,MX,(NA) Exclusive to Costco
City,-,60452,Donut Truck,5+,196,"Jul 31, 2026",US,CA,UK,AU,MX,
City,-,60462,"Helicopter, Fire Engine & Submarine Remix",7+,874,"Jul 31, 2026",US,CA,UK,AU,MX,
City,-,60467,Tow Truck,,,"Jul 31, 2026",US,CA,UK,AU,MX,
City,All,60473,The City Tower,8+,1941,"Jul 31, 2026",US,CA,UK,AU,MX,
City,- ,60312,Police Car,5+,94,"Dec 31, 2026",US,CA,UK,AU,MX,
City,- ,60316,Police Station,6+,668,"Dec 31, 2026",US,CA,UK,AU,MX,
City,- ,60337,Express Passenger Train,7+,764,"Dec 31, 2026",US,CA,UK,AU,MX,
City,-,60400,Go-Karts and Race Drivers,5+,99,"Dec 31, 2026",US,CA,UK,AU,MX,
City,-,60402,Monster Truck,5+,148,"Dec 31, 2026",US,CA,UK,AU,MX,
City,-,60404,Burger Van,5+,194,"Dec 31, 2026",US,CA,UK,AU,MX,
City,-,60407,Red Double-Decker Sightseeing Bus,7+,384,"Dec 31, 2026",US,CA,UK,AU,MX,
City,-,60419,Police Prison Island,7+,980,"Dec 31, 2026",US,CA,UK,AU,MX,
City,-,60423,Downtown Streetcat & Station,7+,811,"Dec 31, 2026",US,CA,UK,AU,MX,
City,Space,60430,Interstellar Spaceship,6+,240,"Dec 31, 2026",US,CA,UK,AU,MX,
City,Formula 1,60445,F1 Truck with RB20 & AMR24 F1 Cars,8+,1086,"Dec 31, 2026",US,CA,UK,AU,MX,
City,-,60447,Off-Road Mountain Truck,6+,221,"Dec 31, 2026",US,CA,UK,AU,MX,
City,-,60457,Custom Police Garage,,,"Dec 31, 2026",US,CA,UK,AU,MX,
City,-,60463,Fire Engine ,4+,82,"Dec 31, 2026",US,CA,UK,AU,MX,
City,Formula 1,60464,F1 Williams Racing & Haas F1 Race Cars,4+,92,"Dec 31, 2026",US,CA,UK,AU,MX,
City,-,60465,Air Ambulance,,,"Dec 31, 2026",US,CA,UK,AU,MX,
City,-,60466,Bulldozer,,,"Dec 31, 2026",US,CA,UK,AU,MX,
City,-,60469,Central Train Station,,,"Dec 31, 2026",US,CA,UK,AU,MX,
City,-,60470,Explorer Train,7+,1517,"Dec 31, 2026",US,CA,UK,AU,MX,
City,-,60471,Arctic Truck,,,"Dec 31, 2026",US,CA,UK,AU,MX,
City,- ,60205,Tracks,5+,20,"Dec 31, 2027",US,CA,UK,AU,MX,
City,- ,60238,Switch Tracks,5+,8,"Dec 31, 2027",US,CA,UK,AU,MX,
City,- ,60304,Road Plates,5+,112,"Dec 31, 2027",US,CA,UK,AU,MX,
City,- ,60367,Passenger Airplane,7+,913,"Dec 31, 2027",US,CA,UK,AU,MX,
City,- ,60373,Fire Rescue Boat,5+,144,"Dec 31, 2027",US,CA,UK,AU,MX,
City,-,60411,Fire Rescue Helicopter,5+,85,"Dec 31, 2027",US,CA,UK,AU,MX,
City,-,60414,Fire Station with Fire Engine,6+,843,"Dec 31, 2027",US,CA,UK,AU,MX,
City,-,60415,Police Car and Muscle Car Chase,6+,213,"Dec 31, 2027",US,CA,UK,AU,MX,
City,Formula 1,60442,F1 Driver with McLaren Race Car,6+,86,"Dec 31, 2027",US,CA,UK,AU,MX,
City,Formula 1,60443,F1 Pit Stop & Pit Crew with Ferrari Car,6+,322,"Dec 31, 2027",US,CA,UK,AU,MX,
City,-,60451,Emergency Ambulance,5+,184,"Dec 31, 2027",US,CA,UK,AU,MX,
City,-,60454,Holiday Camper Van,6+,385,"Dec 31, 2027",US,CA,UK,AU,MX,
City,-,60455,Police Motorcycle Chase,4+,65,"Dec 31, 2027",US,CA,UK,AU,MX,
City,-,60456,Police Boat,6+,264,"Dec 31, 2027",US,CA,UK,AU,MX,
Classic,-,11034,Creative Pets,5+,450,"Dec 31, 2025",US,CA,UK,AU,MX,
Classic,-,11037,Creative Space Planets,5+,450,"Dec 31, 2025",US,CA,UK,AU,MX,
Classic,-,11038,Vibrant Creative Brick Box,4+,850,"Dec 31, 2025",US,CA,UK,AU,MX,"(US, CA, ES, NL, UK) Exclusive to Amazon | (DE) Smyths"
Classic,-,11042,Creative Happy Box,5+,680,"Dec 31, 2025",US,CA,UK,AU,MX,
Classic,- ,11025,Blue Baseplate,4+,1,"Jul 31, 2026",US,CA,UK,AU,MX,
Classic,-,11043,Cool Creative Box,5+,510,"Jul 31, 2026",US,CA,UK,AU,MX,(US) Exclusive to Target
Classic,-,11044,Creative Build-and-Play Box,5+,750,"Jul 31, 2026",US,CA,UK,AU,MX,
Classic,-,11040,Magical Transparent Box,5+,340,"Dec 31, 2026",US,CA,UK,AU,MX,
Classic,-,11036,Creative Vehicles,5+,900,"Jul 31, 2027",US,CA,UK,AU,MX,
Classic,- ,10713,Creative Suitcase,4-99,213,"Dec 31, 2027",US,CA,UK,AU,MX,
Classic,- ,11023,Green Baseplate,4+,1,"Dec 31, 2027",US,CA,UK,AU,MX,
Classic,- ,11024,Gray Baseplate,4+,1,"Dec 31, 2027",US,CA,UK,AU,MX,
Classic,- ,11026,White Baseplate,4+,1,"Dec 31, 2027",US,CA,UK,AU,MX,
Classic,-,11039,Creative Food Friends,4+,150,"Dec 31, 2027",US,CA,UK,AU,MX,
Classic,-,11041,Creative Dinosaurs,5+,450,"Dec 31, 2028",US,CA,UK,AU,MX,
Creator,Holiday,30670,Santa's Sleigh Ride Polybag,6+,73,"Dec 31, 2025",US,CA,UK,AU,MX,
Creator,3-in-1,30688,Tropical Toucan (Polybag),6+,59,"Dec 31, 2025",US,CA,UK,AU,MX,
Creator,Seasonal,30689,Birthday Party Animals (Polybag),6+,60,"Dec 31, 2025",US,CA,UK,AU,MX,
Creator,-,30690,Easter Egg Chick Painting Fun (Polybag),6+,65,"Dec 31, 2025",US,CA,UK,AU,MX,
Creator,3-in-1,30691,Mini Monster Truck (Polybag),,55,"Dec 31, 2025",US,CA,UK,AU,MX,
Creator,3-in-1,31058,Mighty Dinosaurs,,174,"Dec 31, 2025",US,CA,UK,AU,MX,
Creator,3-in-1,31109,Pirate Ship,9+,1264,"Dec 31, 2025",US,CA,UK,AU,MX,
Creator,3-in-1,31129,Majestic Tiger,9+,755,"Dec 31, 2025",US,CA,UK,AU,MX,
Creator,3-in-1,31137,Adorable Dogs,7+,475,"Dec 31, 2025",US,CA,UK,AU,MX,
Creator,3-in-1,31142,Space Roller Coaster,9+,874,"Dec 31, 2025",US,CA,UK,AU,MX,
Creator,3-in-1,31153,Modern House,9+,939,"Dec 31, 2025",US,CA,UK,AU,MX,
Creator,3-in-1,31154,Forest Animals: Red Fox,9+,667,"Dec 31, 2025",US,CA,UK,AU,MX,"(US, CA, ES, NL, UK) Exclusive to Amazon"
Creator,3-in-1,31155,Hamster Wheel,8+,416,"Dec 31, 2025",US,CA,UK,AU,MX,"(US, CA) Exclusive to Walmart | (DE) Müller | (UK) Asda"
Creator,3-in-1,31156,Tropical Ukelele,8+,387,"Dec 31, 2025",US,CA,UK,AU,MX,
Creator,3-in-1,31158,Sea Animals,8+,421,"Dec 31, 2025",US,CA,UK,AU,MX,"(US, CA) Exclusive to Walmart | (DE) Müller | (UK) Morrisons"
Creator,- ,40220,London Bus,7+,118,"Dec 31, 2025",US,CA,UK,AU,MX,(WW) Exclusive to LEGO
Creator,- ,40517,Vespa,9+,118,"Dec 31, 2025",US,CA,UK,AU,MX,(WW) Exclusive to LEGO
Creator,- ,40650,Land Rover Classic Defender,8+,150,"Dec 31, 2025",US,CA,UK,AU,MX,(WW) Exclusive to LEGO
Creator,Botanical Collection,40747,Daffodils,8+,216,"Dec 31, 2025",US,CA,UK,AU,MX,
Creator,Multipack,66801,Springtime Animal Play Pack,,,"Dec 31, 2025",US,CA,UK,AU,MX,"(Contains 30690, 40709, 31140)"
Creator,Multipack,66810,Animal Lover's Gift Set,8+,733,"Dec 31, 2025",US,CA,UK,AU,MX,(Contains 31162 + 31163)
Creator,3-in-1,31145,Red Dragon,6+,149,"Jul 31, 2026",US,CA,UK,AU,MX,
Creator,3-in-1,31149,Flowers in Watering Can,8+,420,"Jul 31, 2026",US,CA,UK,AU,MX,
Creator,3-in-1,31150,Wild Safari Animals,9+,780,"Jul 31, 2026",US,CA,UK,AU,MX,
Creator,3-in-1,31151,T. Rex,9+,626,"Jul 31, 2026",US,CA,UK,AU,MX,
Creator,3-in-1,31152,Space Astronaut,9+,647,"Jul 31, 2026",US,CA,UK,AU,MX,
Creator,3-in-1,31157,Exotic Peacock,7+,355,"Jul 31, 2026",US,CA,UK,AU,MX,"(US, CA) Exclusive to Walmart | (DE) Müller | (UK) Asda"
Creator,3-in-1,31160,Racing Aircraft,7+,178,"Jul 31, 2026",US,CA,UK,AU,MX,
Creator,3-in-1,31162,Bunny,8+,326,"Jul 31, 2026",US,CA,UK,AU,MX,
Creator,"Space, 3-in-1",31164,Space Robots,8+,281,"Jul 31, 2026",US,CA,UK,AU,MX,
Creator,Botanical Collection,40647,Lotus Flowers,8+,220,"Jul 31, 2026",US,CA,UK,AU,MX,(WW) Exclusive to LEGO
Creator,Holiday,30692,Christmas Chimney Fun with Santa (Polybag),,,"Dec 31, 2026",US,CA,UK,AU,MX,
Creator,3-in-1,31136,Exotic Parrot,7+,253,"Dec 31, 2026",US,CA,UK,AU,MX,
Creator,3-in-1,31148,Retro Roller Skate,8+,342,"Dec 31, 2026",US,CA,UK,AU,MX,
Creator,3-in-1,31169,Typewriter with Flowers,8+,363,"Dec 31, 2026",US,CA,UK,AU,MX,
Creator,3-in-1,31171,Majestic Rhino,9+,780,"Dec 31, 2026",US,CA,UK,AU,MX,(US) Exclusive to TBA
Creator,3-in-1,31172,Record Player with Flowers,8+,366,"Dec 31, 2026",US,CA,UK,AU,MX,(US) Exclusive to Target
Creator,- ,40468,Yellow Taxi,7+,124,"Dec 31, 2026",US,CA,UK,AU,MX,(WW) Exclusive to LEGO
Creator,- ,40518,High-Speed Train,7+,284,"Dec 31, 2026",US,CA,UK,AU,MX,(WW) Exclusive to LEGO
Creator,Postcard,40519,New York Postcard,9+,253,"Dec 31, 2026",US,CA,UK,AU,MX,(WW) Exclusive to LEGO
Creator,Postcard,40569,London Postcard,9+,277,"Dec 31, 2026",US,CA,UK,AU,MX,(WW) Exclusive to LEGO
Creator,Postcard,40713,Japan Postcard,9+,262,"Dec 31, 2026",US,CA,UK,AU,MX,(WW) Exclusive to LEGO
Creator,Botanical Collection,40725,Cherry Blossoms,8+,430,"Dec 31, 2026",US,CA,UK,AU,MX,
Creator,3-in-1,31134,Space Shuttle,6+,144,"Jul 31, 2027",US,CA,UK,AU,MX,
Creator,3-in-1,31140,Magical Unicorn,7+,145,"Jul 31, 2027",US,CA,UK,AU,MX,
Creator,3-in-1,31146,Flatbed Truck with Helicopter,7+,270,"Jul 31, 2027",US,CA,UK,AU,MX,
Creator,3-in-1,31147,Retro Camera,8+,261,"Jul 31, 2027",US,CA,UK,AU,MX,
Creator,3-in-1,31159,Wild Animals - Surprise Spider,7+,153,"Jul 31, 2027",US,CA,UK,AU,MX,
Creator,3-in-1,31161,Green Dragon,9+,715,"Jul 31, 2027",US,CA,UK,AU,MX,
Creator,3-in-1,31163,Grey Cat,8+,407,"Jul 31, 2027",US,CA,UK,AU,MX,
Creator,3-in-1,31170,Wild Animals - Pink Flamingo,8+,288,"Jul 31, 2027",US,CA,UK,AU,MX,
Creator,3-in-1,31174,Retro Telephone,8+,383,"Jul 31, 2027",US,CA,UK,AU,MX,
Creator,3-in-1,31166,Beautiful Horse,,,"Dec 31, 2027",US,CA,UK,AU,MX,
Creator,3-in-1,31167,Haunted Mansion,,,"Dec 31, 2027",US,CA,UK,AU,MX,
Creator,3-in-1,31173,Tropical Toucan,,,"Dec 31, 2027",US,CA,UK,AU,MX,
Creator,3-in-1,31175,Unicorn Castle,,,"Dec 31, 2027",US,CA,UK,AU,MX,
Creator,Botanical Collection,40460,Roses,8+,120,"Dec 31, 2027",US,CA,UK,AU,MX,
Creator,Botanical Collection,40524,Sunflowers,8+,191,"Dec 31, 2027",US,CA,UK,AU,MX,
Creator,Postcard,40818,Italy Postcard,,,"Dec 31, 2027",US,CA,UK,AU,MX,(WW) Exclusive to LEGO
Creator,3-in-1,31165,Wild Animals - Panda Family,8+,626,"Dec 31, 2028",US,CA,UK,AU,MX,
Creator,3-in-1,31168,Medieval Horse Knight Castle,,,"Dec 31, 2028",US,CA,UK,AU,MX,
DC,Character Mech,76270,Batman Mech Armour,6+,140,"Dec 31, 2025",US,CA,UK,AU,MX,
DC,Batman,76271,Batman: The Animated Series Gotham City,18+,4210,"Dec 31, 2025",US,CA,UK,AU,MX,
DC,Batman,76273,Batman Construction Figure And The Bat-Pod Bike,12+,713,"Dec 31, 2025",US,CA,UK,AU,MX,
DC,Batman,76274,Batman With The Batmobile VS. Harley Quinn And Mr. Freeze,8+,435,"Dec 31, 2025",US,CA,UK,AU,MX,
DC,Batman,76301,Batman & Batmobile vs. Mr. Freeze,4+,63,"Dec 31, 2025",US,CA,UK,AU,MX,
DC,Character Mech,76302,Superman Mech vs. Lex Luthor,6+,120,"Dec 31, 2025",US,CA,UK,AU,MX,
DC,Batman,76328,Batman: The Classic TV Series Batmobile,18+,1822,"Jul 31, 2026",US,CA,UK,AU,MX,
DC,Modular Building,76300,Arkham Asylum,18+,2953,"Dec 31, 2026",US,CA,UK,AU,MX,
DC,Batman,76303,Batman Tumbler vs. Two-Face & The Joker,8+,429,"Dec 31, 2026",US,CA,UK,AU,MX,
DC,Batman,76304,Batman Forever Batmobile,,,"Dec 31, 2026",US,CA,UK,AU,MX,
DC,Logo,76330,Batman Logo,12+,678,"Jul 31, 2027",US,CA,UK,AU,MX,
DC,Batman,76333,Batman & Robin Batmobile,9+,272,"Jul 31, 2027",US,CA,UK,AU,MX,
DC,Batman,76331,Batman v Superman™ Batmobile,9+,220,"Dec 31, 2027",US,CA,UK,AU,MX,
DC,Batman,76332,The Batman Batmobile,9+,330,"Dec 31, 2027",US,CA,UK,AU,MX,
Despicable Me,-,75580,Minions And Banana Car,6+,136,"Dec 31, 2025",US,CA,UK,AU,MX,
Despicable Me,-,75581,Minions' Music Party Bus,7+,379,"Dec 31, 2025",US,CA,UK,AU,MX,
Despicable Me,-,75582,Brick-Built Gru And Minions,9+,839,"Dec 31, 2025",US,CA,UK,AU,MX,
Despicable Me,-,75583,Minions And Gru's Family Mansion,8+,868,"Dec 31, 2025",US,CA,UK,AU,MX,
Disney,-,30695,Cinderella's Mini Garden Castle (Polybag),5,52,"Dec 31, 2025",US,CA,UK,AU,MX,
Disney,-,40720,Mini Disney Sleeping Beauty Castle,12+,528,"Dec 31, 2025",US,CA,UK,AU,MX,
Disney,- ,43222,Disney Castle,18+,4837,"Dec 31, 2025",US,CA,UK,AU,MX,(WW) Exclusive to LEGO
Disney,- ,43230,Walt Disney Tribute Camera,18+,811,"Dec 31, 2025",US,CA,UK,AU,MX,
Disney,-,43235,Ariel's Music Stage (4+),4+,60,"Dec 31, 2025",US,CA,UK,AU,MX,
Disney,-,43237,Isabela's Flowerpot,9+,641,"Dec 31, 2025",US,CA,UK,AU,MX,
Disney,-,43238,Elsa's Frozen Castle (4+),4+,163,"Dec 31, 2025",US,CA,UK,AU,MX,
Disney,-,43242,Snow White and the Seven Dwarfs' Cottage,18+,2228,"Dec 31, 2025",US,CA,UK,AU,MX,
Disney,-,43245,The Magical Madrigal House,7+,1560,"Dec 31, 2025",US,CA,UK,AU,MX,
Disney,-,43248,Inside Out 2: Emotion Cubes,9+,394,"Dec 31, 2025",US,CA,UK,AU,MX,
Disney,-,43251,Antonio's Animal Sanctuary,6+,310,"Dec 31, 2025",US,CA,UK,AU,MX,(NA) Exclusive to [TBD]
Disney,-,43252,Moana's Flowerpot,9+,619,"Dec 31, 2025",US,CA,UK,AU,MX,(NA) Exclusive to Target
Disney,-,43254,Ariel's Crystal Cavern (4+),4+,141,"Dec 31, 2025",US,CA,UK,AU,MX,
Disney,-,43256,Anna's Sleigh Adventure,4+,192,"Dec 31, 2025",US,CA,UK,AU,MX,
Disney,-,43259,Twirling Ariel,5+,93,"Dec 31, 2025",US,CA,UK,AU,MX,
Disney,-,43261,Encanto Mini House,5+,186,"Dec 31, 2025",US,CA,UK,AU,MX,
Disney,Holiday,43273,Disney Advent Calendar 2025,5+,231,"Dec 31, 2025",US,CA,UK,AU,MX,
Disney,-,43275,Cinderella's Castle & Horse Carriage,6+,596,"Dec 31, 2025",US,CA,UK,AU,MX,
Disney,-,43243,Simba The Lion King Cub,6+,222,"Jul 31, 2026",US,CA,UK,AU,MX,
Disney,-,43244,Elsa's Ice Palace,6+,630,"Jul 31, 2026",US,CA,UK,AU,MX,
Disney,-,43247,Young Simba The Lion King,18+,1445,"Jul 31, 2026",US,CA,UK,AU,MX,
Disney,-,43266,Cinderella's Dress,9+,474,"Jul 31, 2026",US,CA,UK,AU,MX,
Disney,-,43274,Minnie's Pet Hotel,,,"Jul 31, 2026",US,CA,UK,AU,MX,
Disney,- ,40478,Mini Disney Castle,12+,567,"Dec 31, 2026",US,CA,UK,AU,MX,(WW) Exclusive to LEGO
Disney,-,40708,Mini Disney Ariel's Castle,12+,557,"Dec 31, 2026",US,CA,UK,AU,MX,(WW) Exclusive to LEGO
Disney,- ,43217,'Up' House,9+,598,"Dec 31, 2026",US,CA,UK,AU,MX,
Disney,-,43249,Stitch,9+,730,"Dec 31, 2026",US,CA,UK,AU,MX,
Disney,-,43258,Kakamora Barge,7+,572,"Dec 31, 2026",US,CA,UK,AU,MX,
Disney,-,43260,Moana's Island Fun,5+,175,"Dec 31, 2026",US,CA,UK,AU,MX,
Disney,-,43262,Maleficent's and Cruella De Vil's Dresses,9+,524,"Dec 31, 2026",US,CA,UK,AU,MX,
Disney,-,43263,Beauty and the Beast Castle,18+,2916,"Dec 31, 2026",US,CA,UK,AU,MX,
Disney,-,43264,Toy Story Celebration Train & RC Car,,,"Dec 31, 2026",US,CA,UK,AU,MX,
Disney,-,43265,Arendelle Frozen Castle,5+,177,"Dec 31, 2026",US,CA,UK,AU,MX,
Disney,-,43267,Princess Castle & Royal Pets,,,"Dec 31, 2026",US,CA,UK,AU,MX,
Disney,-,43268,Lilo and Stitch Beach House,9+,834,"Dec 31, 2026",US,CA,UK,AU,MX,
Disney,-,43270,Moana Adventure Canoe,6+,529,"Dec 31, 2026",US,CA,UK,AU,MX,
Disney,-,43272,Heihei,9+,566,"Dec 31, 2026",US,CA,UK,AU,MX,
Disney,Villains,43277,Cruella De Vil's Car,9+,378,"Dec 31, 2026",US,CA,UK,AU,MX,(US) TBA exclusive
Disney,-,43278,Mini Arendelle Castle & Elsa's Ice Palace,,,"Dec 31, 2026",US,CA,UK,AU,MX,(US) Exclusive to Walmart
Disney,-,43257,Angel,9+,784,"Dec 31, 2027",US,CA,UK,AU,MX,
Disney,-,43269,101 Dalmatians Puppy,18+,1722,"Dec 31, 2027",US,CA,UK,AU,MX,
Disney,-,43271,Lucky & Penny 101 Dalmatians Puppies,6+,268,"Dec 31, 2027",US,CA,UK,AU,MX,
Disney,-,43279,WALL-E and EVE,18+,811,"Dec 31, 2027",US,CA,UK,AU,MX,
DREAMZzz,-,30660,Zoey's Dream Jet Pack Booster Polybag,7+,37,"Dec 31, 2025",US,CA,UK,AU,MX,
DREAMZzz,-,30698,Cooper's Flying Controller Mini Build (Polybag),7,53,"Dec 31, 2025",US,CA,UK,AU,MX,
DREAMZzz,-,71478,The Never Witch's Midnight Raven,9+,1203,"Dec 31, 2025",US,CA,UK,AU,MX,
DREAMZzz,-,71479,Zoey's Cat Motorcycle,7+,226,"Dec 31, 2025",US,CA,UK,AU,MX,
DREAMZzz,-,71480,Logan the Mighty Panda,7+,342,"Dec 31, 2025",US,CA,UK,AU,MX,
DREAMZzz,-,71483,The Never Witch's Nightmare Creatures,9+,457,"Dec 31, 2025",US,CA,UK,AU,MX,
DREAMZzz,-,71484,Cooper's Robot Dinosaur C-Rex,9+,917,"Dec 31, 2025",US,CA,UK,AU,MX,
DREAMZzz,-,71485,Mateo and Z-Blob the Knight Battle Mech,10+,1333,"Dec 31, 2025",US,CA,UK,AU,MX,
DREAMZzz,-,71486,Castle Nocturnia,10+,1742,"Dec 31, 2025",US,CA,UK,AU,MX,
DREAMZzz,-,71487,Z-Blob's Robot and Vehicle Adventure,7+,121,"Dec 31, 2025",US,CA,UK,AU,MX,
DREAMZzz,-,71488,Bunchu's Creative Animal Adventures,7+,143,"Dec 31, 2025",US,CA,UK,AU,MX,
DREAMZzz,-,71489,Cooper's Flying Video Game Controller,7+,266,"Dec 31, 2025",US,CA,UK,AU,MX,
DREAMZzz,-,71490,Izzie and Bunchurro the Gaming Bunny,7+,252,"Dec 31, 2025",US,CA,UK,AU,MX,
DREAMZzz,-,71491,Mateo with the Z-Blob Action Racing Car,8+,485,"Dec 31, 2025",US,CA,UK,AU,MX,
DREAMZzz,-,71497,Cooper's Tiger Mech and Zero's Hot Rod Car,9+,1006,"Dec 31, 2025",US,CA,UK,AU,MX,
DREAMZzz,-,71494,Zoey's Time Owl,,,"Jul 31, 2026",US,CA,UK,AU,MX,
DREAMZzz,-,71495,Mateo vs. Cyber Brain Mech,,,"Jul 31, 2026",US,CA,UK,AU,MX,
DREAMZzz,-,71492,Mateo's Fire Chameleon,,,"Jul 31, 2027",US,CA,UK,AU,MX,
DREAMZzz,-,71499,Mateo's Spray Paint Truck,,,"Jul 31, 2027",US,CA,UK,AU,MX,
DREAMZzz,-,71500,Nightmare Shark Submarine,,,"Jul 31, 2027",US,CA,UK,AU,MX,
Duplo,-,10413,Daily Routines: Bath Time,1½+,15,"Dec 31, 2025",US,CA,UK,AU,MX,
Duplo,-,10414,Daily Routines: Eating & Bedtime,1½+,28,"Dec 31, 2025",US,CA,UK,AU,MX,
Duplo,-,10415,Big Feelings & Emotions,1½+,23,"Dec 31, 2025",US,CA,UK,AU,MX,
Duplo,Disney,10417,Mack at the Race,2+,14,"Dec 31, 2025",US,CA,UK,AU,MX,
Duplo,Disney,10418,Elsa & Bruni in the Enchanted Forest,2+,31,"Dec 31, 2025",US,CA,UK,AU,MX,
Duplo,-,10419,Caring for Bees & Beehives,2+,22,"Dec 31, 2025",US,CA,UK,AU,MX,
Duplo,-,10422,3in1 Space Shuttle Adventure,3+,58,"Dec 31, 2025",US,CA,UK,AU,MX,
Duplo,-,10423,Buildable People with Big Emotions,3+,71,"Dec 31, 2025",US,CA,UK,AU,MX,
Duplo,Marvel,10424,Spin's Motorcycle Adventure,2+,24,"Dec 31, 2025",US,CA,UK,AU,MX,
Duplo,Peppa Pig,10431,Peppa Pig Garden & Tree House,2+,20,"Dec 31, 2025",US,CA,UK,AU,MX,
Duplo,Peppa Pig,10432,Peppa Pig Boat Trip,2+,23,"Dec 31, 2025",US,CA,UK,AU,MX,
Duplo,Peppa Pig,10433,Peppa Pig Birthday House,2+,59,"Dec 31, 2025",US,CA,UK,AU,MX,
Duplo,Peppa Pig,10434,Peppa Pig Supermarket,2+,70,"Dec 31, 2025",US,CA,UK,AU,MX,
Duplo,Disney,10435,Ariel's Magical Underwater Palace,2+,116,"Dec 31, 2025",US,CA,UK,AU,MX,
Duplo,-,10439,Cars And Trucks Brick Box,1½+,80,"Dec 31, 2025",US,CA,UK,AU,MX,(NA) Exclusive to [TBD]
Duplo,-,10449,First Time Visit to the Doctor,2+,65,"Dec 31, 2025",US,CA,UK,AU,MX,
Duplo,- ,10931,Truck & Tracked Excavator,2+,20,"Dec 31, 2025",US,CA,UK,AU,MX,
Duplo,- ,10965,Bath Time Fun: Floating Animal Train,1½+,14,"Dec 31, 2025",US,CA,UK,AU,MX,
Duplo,- ,10967,Police Motorcycle,2+,5,"Dec 31, 2025",US,CA,UK,AU,MX,
Duplo,- ,10969,Fire Truck,2+,21,"Dec 31, 2025",US,CA,UK,AU,MX,
Duplo,- ,10993,3-in-1 Tree House,3+,126,"Dec 31, 2025",US,CA,UK,AU,MX,
Duplo,- ,10994,3-in-1 Family House,3+,218,"Dec 31, 2025",US,CA,UK,AU,MX,
Duplo,-,30673,My First Duck (Polybag),1½+,7,"Dec 31, 2025",US,CA,UK,AU,MX,
Duplo,-,30686,My First Flower & Bee (Polybag),1½+,7,"Dec 31, 2025",US,CA,UK,AU,MX,
Duplo,-,10416,Caring for Animals at the Farm,2+,74,"Jul 31, 2026",US,CA,UK,AU,MX,
Duplo,-,10440,Balancing & Stacking Tree,1½+,27,"Jul 31, 2026",US,CA,UK,AU,MX,
Duplo,Disney,10454,Mickey Mouse Clubhouse & Car ,2+,27,"Jul 31, 2026",US,CA,UK,AU,MX,
Duplo,Disney,10457,Winnie the Pooh's Birthday Party,1½+,22,"Jul 31, 2026",US,CA,UK,AU,MX,
Duplo,-,10412,Animal Train,1½+,19,"Dec 31, 2026",US,CA,UK,AU,MX,
Duplo,-,10441,Shape Sorter: Puppy House,,,"Dec 31, 2026",US,CA,UK,AU,MX,
Duplo,-,10442,Wild Animal Families: Penguins & Lions,2+,10,"Dec 31, 2026",US,CA,UK,AU,MX,
Duplo,-,10443,First Time at the Airport,,,"Dec 31, 2026",US,CA,UK,AU,MX,
Duplo,-,10444,Creative Garden & Flowers,2+,45,"Dec 31, 2026",US,CA,UK,AU,MX,
Duplo,Formula 1,10445,F1® Team Race Cars & Drivers,2+,70,"Dec 31, 2026",US,CA,UK,AU,MX,
Duplo,-,10446,3in1 Wild Animal Families,2+,92,"Dec 31, 2026",US,CA,UK,AU,MX,
Duplo,-,10448,3in1 Animals on Wheels,,,"Dec 31, 2026",US,CA,UK,AU,MX,
Duplo,-,10450,Hopsy's Castle Game,,,"Dec 31, 2026",US,CA,UK,AU,MX,
Duplo,-,10451,3in1 Dinosaurs on Wheels,,,"Dec 31, 2026",US,CA,UK,AU,MX,
Duplo,Peppa Pig,10452,Camping Trip,2+,32,"Dec 31, 2026",US,CA,UK,AU,MX,
Duplo,Peppa Pig,10453,Funfair,2+,53,"Dec 31, 2026",US,CA,UK,AU,MX,
Duplo,Disney,10455,Anna and Elsa's Frozen Castle Party,,,"Dec 31, 2026",US,CA,UK,AU,MX,
Duplo,Disney,10456,McQueen's Visit to Doc's Garage,,,"Dec 31, 2026",US,CA,UK,AU,MX,
Duplo,Bluey,10458,Ice Cream Trip with Bluey,2+,22,"Dec 31, 2026",US,CA,UK,AU,MX,
Duplo,Bluey,10459,Bluey's Family House with Memory Game,3+,83,"Dec 31, 2026",US,CA,UK,AU,MX,
Duplo,-,10461,Grandpa Pig's Garden and Greenhouse,,,"Dec 31, 2026",US,CA,UK,AU,MX,(US) Exclusive to Barnes and Noble
Duplo,-,10421,Alphabet Truck,2+,36,"Jul 31, 2027",US,CA,UK,AU,MX,
Duplo,-,10447,Ambulance & Driver,2+,19,"Jul 31, 2028",US,CA,UK,AU,MX,
Duplo,-,10425,Train Tunnel and Tracks Expansion Set,2+,20,"Dec 31, 2029",US,CA,UK,AU,MX,
Duplo,-,10426,Train Bridge and Tracks Expansion Set,2+,42,"Dec 31, 2029",US,CA,UK,AU,MX,
Duplo,-,10427,Interactive Adventure Train,2+,57,"Dec 31, 2029",US,CA,UK,AU,MX,
Duplo,-,10428,Big Interactive Community Train,3+,103,"Dec 31, 2029",US,CA,UK,AU,MX,
Duplo,Baseplate,10460,Green Building Plate,1½+,1,"Dec 31, 2029",US,CA,UK,AU,MX,
Duplo,- ,10913,Brick Box,1½+,65,"Dec 31, 2029",US,CA,UK,AU,MX,
Duplo,- ,10914,Deluxe Brick Box,1½+,85,"Dec 31, 2029",US,CA,UK,AU,MX,
Duplo,Disney,10941,Mickey & Minnie Birthday Train,2+,22,"Dec 31, 2029",US,CA,UK,AU,MX,
Duplo,- ,10954,Number Train - Learn To Count,1½+,23,"Dec 31, 2029",US,CA,UK,AU,MX,
Family,-,41838,Travel Moments,14+,1231,"Dec 31, 2025",US,CA,UK,AU,MX,
Family,-,41839,Message Board,9+,1743,"Dec 31, 2025",US,CA,UK,AU,MX,
Family,-,41843,Family Christmas Tree,9+,3171,"Dec 31, 2026",US,CA,UK,AU,MX,
Fortnite,-,77070,Durrr Burger,9+,193,"Dec 31, 2025",US,CA,UK,AU,MX,
Fortnite,-,77072,Peely Bone,18+,1414,"Dec 31, 2025",US,CA,UK,AU,MX,
Fortnite,-,77075,Peely & Sparkplug's Camp,,,"Dec 31, 2026",US,CA,UK,AU,MX,
Fortnite,-,77076,Durrr Burger Restaurant,,,"Dec 31, 2026",US,CA,UK,AU,MX,
Fortnite,-,77077,Klombo,,,"Dec 31, 2026",US,CA,UK,AU,MX,
Fortnite,-,77078,Mecha Team Leader,,,"Dec 31, 2026",US,CA,UK,AU,MX,
Fortnite,-,77071,Supply Llama,12+,691,"Dec 31, 2027",US,CA,UK,AU,MX,
Fortnite,-,77073,Battle Bus,10+,954,"Dec 31, 2027",US,CA,UK,AU,MX,
Friends,-,30696,Autumn's Waffle Stand (Polybag),5+,37,"Dec 31, 2025",US,CA,UK,AU,MX,
Friends,-,30697,Nova's Doghouse Build (Polybag),5,50,"Dec 31, 2025",US,CA,UK,AU,MX,
Friends,- ,41748,Heartlake City Community Centre,9+,1513,"Dec 31, 2025",US,CA,UK,AU,MX,
Friends,Space,42603,Stargazing Camping Vehicle,7+,364,"Dec 31, 2025",US,CA,UK,AU,MX,
Friends,- ,42604,Heartlake City Shopping Mall,8+,1237,"Dec 31, 2025",US,CA,UK,AU,MX,
Friends,-,42606,Mobile Bakery Food Cart,6+,125,"Dec 31, 2025",US,CA,UK,AU,MX,
Friends,-,42610,Karaoke Music Party,6+,196,"Dec 31, 2025",US,CA,UK,AU,MX,
Friends,-,42614,Vintage Fashion Store,6+,409,"Dec 31, 2025",US,CA,UK,AU,MX,
Friends,-,42618,Heartlake City Café,6+,426,"Dec 31, 2025",US,CA,UK,AU,MX,
Friends,-,42620,Olly and Paisley's Family Houses,7+,1126,"Dec 31, 2025",US,CA,UK,AU,MX,
Friends,-,42621,Heartlake City Hospital,7+,1045,"Dec 31, 2025",US,CA,UK,AU,MX,
Friends,-,42622,Adventure Camp Archery Range,6+,157,"Dec 31, 2025",US,CA,UK,AU,MX,
Friends,-,42623,Beach Water Scooter,5+,84,"Dec 31, 2025",US,CA,UK,AU,MX,
Friends,-,42624,Adventure Camp Cozy Cabins,7+,437,"Dec 31, 2025",US,CA,UK,AU,MX,
Friends,-,42625,Beach Smoothie Stand,6+,213,"Dec 31, 2025",US,CA,UK,AU,MX,
Friends,-,42626,Adventure Camp Water Sports,7+,628,"Dec 31, 2025",US,CA,UK,AU,MX,
Friends,-,42630,Heartlake City Water Park,8+,814,"Dec 31, 2025",US,CA,UK,AU,MX,
Friends,-,42631,Adventure Camp Tree House,8+,1128,"Dec 31, 2025",US,CA,UK,AU,MX,
Friends,-,42634,Horse and Pony Trailer,4+,105,"Dec 31, 2025",US,CA,UK,AU,MX,
Friends,-,42635,Dog-Grooming Car (4+),4+,60,"Dec 31, 2025",US,CA,UK,AU,MX,
Friends,-,42638,Castle Bed And Breakfast,12+,1311,"Dec 31, 2025",US,CA,UK,AU,MX,
Friends,-,42639,Andrea's Modern Mansion,14+,2275,"Dec 31, 2025",US,CA,UK,AU,MX,(WW) Exclusive to LEGO
Friends,-,42640,Guinea Pig Playground,5+,86,"Dec 31, 2025",US,CA,UK,AU,MX,
Friends,-,42641,Surfing Dogs and Scooter Adventure,6+,113,"Dec 31, 2025",US,CA,UK,AU,MX,
Friends,-,42643,Candyfloss Stand and Scooter,6+,110,"Dec 31, 2025",US,CA,UK,AU,MX,
Friends,-,42645,Aliya's Baby Sister's Playroom,6+,125,"Dec 31, 2025",US,CA,UK,AU,MX,
Friends,-,42646,Autumn's Room,6+,222,"Dec 31, 2025",US,CA,UK,AU,MX,
Friends,-,42651,Horse and Pet Vet Clinic,7+,428,"Dec 31, 2025",US,CA,UK,AU,MX,
Friends,-,42655,Restaurant and Cooking School,8+,896,"Dec 31, 2025",US,CA,UK,AU,MX,
Friends,-,42656,Heartlake City Airport and Airplane,8+,958,"Dec 31, 2025",US,CA,UK,AU,MX,
Friends,-,42662,Hair Salon and Accessories Shop ,7+,347,"Dec 31, 2025",US,CA,UK,AU,MX,
Friends,Holiday,42668,Friends Advent Calendar 2025,6+,237,"Dec 31, 2025",US,CA,UK,AU,MX,
Friends,-,42669,Beekeepers' House and Flower Garden,12+,1161,"Dec 31, 2025",US,CA,UK,AU,MX,
Friends,-,42672,Creative Beach and Travel Suitcase,5+,188,"Dec 31, 2025",US,CA,UK,AU,MX,
Friends,Multipack,66806,Explore Outdoors Gift Set,7+,521,"Dec 31, 2025",US,CA,UK,AU,MX,(Contains 42603 + 42622)
Friends,-,42642,Friendship Movie Night,,,"Jul 31, 2026",US,CA,UK,AU,MX,
Friends,-,42647,Paisley's Room,6+,199,"Jul 31, 2026",US,CA,UK,AU,MX,
Friends,-,42653,Music Shop & Apartment,,,"Jul 31, 2026",US,CA,UK,AU,MX,
Friends,-,42654,Pony Ranch & Stable,,,"Jul 31, 2026",US,CA,UK,AU,MX,
Friends,-,42658,Unicorn & Flamingo Pool Party,,,"Jul 31, 2026",US,CA,UK,AU,MX,
Friends,-,42670,Heartlake City Residential and Shopping Street,12+,2040,"Jul 31, 2026",US,CA,UK,AU,MX,
Friends,-,42644,Heartlake City Ice Cream Shop,4+,92,"Dec 31, 2026",US,CA,UK,AU,MX,
Friends,-,42648,Panda Sanctuary,,,"Dec 31, 2026",US,CA,UK,AU,MX,
Friends,-,42649,Heartlake City Sweet Shop,6+,376,"Dec 31, 2026",US,CA,UK,AU,MX,
Friends,-,42650,Pet Accessories Shop,6+,375,"Dec 31, 2026",US,CA,UK,AU,MX,
Friends,-,42659,Friendship Road-Trip Travel Car,,,"Dec 31, 2026",US,CA,UK,AU,MX,
Friends,-,42661,Costume Party,,,"Dec 31, 2026",US,CA,UK,AU,MX,
Friends,-,42663,Friendship Camper Van Adventure,7+,778,"Dec 31, 2026",US,CA,UK,AU,MX,
Friends,-,42664,Travel Boat Adventure,8+,685,"Dec 31, 2026",US,CA,UK,AU,MX,
Friends,-,42665,Puppy Playground,,,"Dec 31, 2026",US,CA,UK,AU,MX,
Friends,-,42666,Cat Birthday Party,,,"Dec 31, 2026",US,CA,UK,AU,MX,
Friends,-,42671,Plant Café & Flower Shop,,,"Dec 31, 2026",US,CA,UK,AU,MX,
Friends,-,42673,Family Holiday Beach Resort,,,"Dec 31, 2026",US,CA,UK,AU,MX,
Friends,-,42674,Comic Book and Game Shop,,,"Dec 31, 2026",US,CA,UK,AU,MX,
Friends,-,42652,Friendship Tree House Hangout,8+,701,"Dec 31, 2028",US,CA,UK,AU,MX,
Gabby's Dollhouse,-,10795,Crafting With Baby Box (4+),4+,60,"Dec 31, 2025",US,CA,UK,AU,MX,
Gabby's Dollhouse,-,10796,Gabby's Kitty Care Ear (4+),4+,165,"Dec 31, 2025",US,CA,UK,AU,MX,
Gabby's Dollhouse,-,10797,Gabby's Party Room (4+),4+,252,"Dec 31, 2025",US,CA,UK,AU,MX,
Gabby's Dollhouse,-,11204,Mermaid Gabby's Aquarium Adventure,4+,103,"Jul 31, 2026",US,CA,UK,AU,MX,
Gabby's Dollhouse,- ,11205,Sweet Treat Mountain & Kitty Garden,4+,263,"Jul 31, 2026",US,CA,UK,AU,MX,
Gabby's Dollhouse,- ,10788,Gabby's Dollhouse,4+,498,"Dec 31, 2027",US,CA,UK,AU,MX,
Harry Potter,-,30706,Quidditch Lesson (Polybag),6+,27,"Dec 31, 2025",US,CA,UK,AU,MX,
Harry Potter,- ,75978,Diagon Alley,16+,5544,"Dec 31, 2025",US,CA,UK,AU,MX,(WW) Exclusive to LEGO
Harry Potter,- ,76391,Hogwarts Icons - Collectors' Edition,18+,3010,"Dec 31, 2025",US,CA,UK,AU,MX,
Harry Potter,- ,76421,Dobby the House-Elf,8+,403,"Dec 31, 2025",US,CA,UK,AU,MX,
Harry Potter,- ,76423,Hogwarts Express & Hogsmeade Station,8+,1074,"Dec 31, 2025",US,CA,UK,AU,MX,(DE/UK) Exclusive to Smyths
Harry Potter,-,76426,Hogwarts Castle Boathouse,8+,350,"Dec 31, 2025",US,CA,UK,AU,MX,
Harry Potter,-,76427,Buckbeak,9+,723,"Dec 31, 2025",US,CA,UK,AU,MX,
Harry Potter,-,76428,Hagrid's Hut: An Unexpected Visit,8+,896,"Dec 31, 2025",US,CA,UK,AU,MX,
Harry Potter,-,76430,Hogwarts Castle Owlery,8+,364,"Dec 31, 2025",US,CA,UK,AU,MX,
Harry Potter,-,76431,Hogwarts Castle: Potions Class,8+,397,"Dec 31, 2025",US,CA,UK,AU,MX,
Harry Potter,-,76433,Mandrake,10+,579,"Dec 31, 2025",US,CA,UK,AU,MX,
Harry Potter,-,76434,Aragog In The Forbidden Forest,7+,195,"Dec 31, 2025",US,CA,UK,AU,MX,
Harry Potter,-,76439,Ollivanders & Madam Malkin's Robes,8+,744,"Dec 31, 2025",US,CA,UK,AU,MX,
Harry Potter,-,76440,Triwizard Tournament: The Arrival,10+,1229,"Dec 31, 2025",US,CA,UK,AU,MX,
Harry Potter,-,76441,Hogwarts Castle: Duelling Club,8+,158,"Dec 31, 2025",US,CA,UK,AU,MX,
Harry Potter,Holiday,76456,Harry Potter Advent Calendar 2025,7+,278,"Dec 31, 2025",US,CA,UK,AU,MX,
Harry Potter,- ,76417,Gringotts Wizarding Bank - Collectors' Edition,18+,4801,"Jul 31, 2026",US,CA,UK,AU,MX,(WW) Exclusive to LEGO
Harry Potter,-,76425,Hedwig at 4 Privet Drive,7+,337,"Jul 31, 2026",US,CA,UK,AU,MX,
Harry Potter,-,76429,Talking Sorting Hat,18+,561,"Jul 31, 2026",US,CA,UK,AU,MX,
Harry Potter,-,76435,Hogwarts Castle: The Great Hall,10+,1732,"Jul 31, 2026",US,CA,UK,AU,MX,
Harry Potter,-,76443,Hagrid & Harry's Motorcycle Ride,9+,617,"Jul 31, 2026",US,CA,UK,AU,MX,
Harry Potter,-,76448,Fawkes: Dumbledore's Phoenix,,,"Jul 31, 2026",US,CA,UK,AU,MX,
Harry Potter,-,76453,Malfoy Manor,10+,1601,"Jul 31, 2026",US,CA,UK,AU,MX,
Harry Potter,-,76437,The Burrow: Collectors' Edition,18+,2405,"Dec 31, 2026",US,CA,UK,AU,MX,
Harry Potter,-,76442,Hogwarts Castle: Charms Class,8+,204,"Dec 31, 2026",US,CA,UK,AU,MX,
Harry Potter,-,76445,Hogwarts Castle: Herbology Class,8+,390,"Dec 31, 2026",US,CA,UK,AU,MX,
Harry Potter,-,76447,Hogwarts Castle: Flying Lessons,9+,651,"Dec 31, 2026",US,CA,UK,AU,MX,
Harry Potter,-,76449,Chomping Monster Book of Monsters,9+,518,"Dec 31, 2026",US,CA,UK,AU,MX,
Harry Potter,Book Nook,76450,Book Nook: Hogwarts Express,10+,832,"Dec 31, 2026",US,CA,UK,AU,MX,
Harry Potter,-,76451,Privet Drive: Aunt Marge's Visit,8+,639,"Dec 31, 2026",US,CA,UK,AU,MX,
Harry Potter,-,76452,Quality Quidditch Supplies & Ice Cream Parlour,8+,795,"Dec 31, 2026",US,CA,UK,AU,MX,
Harry Potter,-,76458,Thestral Family,,,"Dec 31, 2026",US,CA,UK,AU,MX,(US) Exclusive to Amazon
Harry Potter,-,76446,Knight Bus Adventure,8+,499,"Jul 31, 2027",US,CA,UK,AU,MX,
Harry Potter,-,76454,Hogwarts Castle: The Main Tower,10+,2135,"Jul 31, 2027",US,CA,UK,AU,MX,
Harry Potter,- ,71043,Hogwarts Castle,16+,6020,"Dec 31, 2027",US,CA,UK,AU,MX,
Harry Potter,- ,76419,Hogwarts Castle and Grounds,18+,2660,"Dec 31, 2027",US,CA,UK,AU,MX,
Harry Potter,-,76424,Flying Ford Anglia,7+,165,"Dec 31, 2027",US,CA,UK,AU,MX,
Harry Potter,-,76444,Diagon Alley Wizarding Shops,18+,2750,"Dec 31, 2027",US,CA,UK,AU,MX,
Harry Potter,-,76457,Hogsmeade Village - Collector's Edition,18+,3228,"Dec 31, 2027",US,CA,UK,AU,MX,
Horizon,-,77037,Aloy & Varl vs. Shell-Walker & Sawtooth,9+,768,"Dec 31, 2026",US,CA,UK,AU,MX,
Icons,Modular Building,10297,Boutique Hotel,18+,3066,"Dec 31, 2025",US,CA,UK,AU,MX,
Icons,- ,10298,Vespa 125,18+,1107,"Dec 31, 2025",US,CA,UK,AU,MX,
Icons,Castle,10305,Lion Knights' Castle,18+,4514,"Dec 31, 2025",US,CA,UK,AU,MX,(WW) Exclusive to LEGO
Icons,Modular Building,10312,Jazz Club,18+,2899,"Dec 31, 2025",US,CA,UK,AU,MX,
Icons,- ,10317,Land Rover Classic Defender 90,18+,2336,"Dec 31, 2025",US,CA,UK,AU,MX,
Icons,Holiday,10325,Alpine Lodge,18+,1517,"Dec 31, 2025",US,CA,UK,AU,MX,
Icons,Castle,10332,Medieval Town Square,18+,3304,"Dec 31, 2025",US,CA,UK,AU,MX,
Icons,Holiday,10339,Santa's Post Office,18+,1440,"Dec 31, 2025",US,CA,UK,AU,MX,
Icons,Space,10355,Blacktron Renegade,18+,1151,"Dec 31, 2025",US,CA,UK,AU,MX,
Icons,-,10391,Over the Moon with Pharrell Williams,18+,966,"Dec 31, 2025",US,CA,UK,AU,MX,
Icons,Botanical Collection,10280,Flower Bouquet,18+,756,"Jul 31, 2026",US,CA,UK,AU,MX,
Icons,Transformers,10302,Optimus Prime,18+,1508,"Jul 31, 2026",US,CA,UK,AU,MX,
Icons,- ,10307,Eiffel Tower,18+,10001,"Jul 31, 2026",US,CA,UK,AU,MX,(WW) Exclusive to LEGO
Icons,- ,10323,PAC-MAN Arcade,18+,2651,"Jul 31, 2026",US,CA,UK,AU,MX,
Icons,Dune,10327,Dune Atreides Royal Ornithopter,18+,1369,"Jul 31, 2026",US,CA,UK,AU,MX,
Icons,Fauna Collection,10331,Kingfisher Bird,18+,834,"Jul 31, 2026",US,CA,UK,AU,MX,
Icons,-,10334,Retro Radio,18+,906,"Jul 31, 2026",US,CA,UK,AU,MX,
Icons,Transformers,10338,Transformers: Bumblebee,18+,950,"Jul 31, 2026",US,CA,UK,AU,MX,
Icons,Gardens of the World,10359,Fountain Garden,18+,1302,"Jul 31, 2026",US,CA,UK,AU,MX,
Icons,-,10362,French Café,18+,1101,"Jul 31, 2026",US,CA,UK,AU,MX,
Icons,Botanical Collection,10309,Succulents,18+,771,"Dec 31, 2026",US,CA,UK,AU,MX,
Icons,Gardens of the World,10315,Tranquil Garden,18+,1363,"Dec 31, 2026",US,CA,UK,AU,MX,
Icons,Modular Building,10326,Natural History Museum,18+,4014,"Dec 31, 2026",US,CA,UK,AU,MX,
Icons,-,10335,The Endurance,18+,3011,"Dec 31, 2026",US,CA,UK,AU,MX,
Icons,-,10337,Lamborghini Countach 5000 Quattrovalvole,18+,1506,"Dec 31, 2026",US,CA,UK,AU,MX,
Icons,Botanical Collection,10340,Wreath,18+,1194,"Dec 31, 2026",US,CA,UK,AU,MX,
Icons,Space,10341,NASA: Artemis Space Launch System,18+,3601,"Dec 31, 2026",US,CA,UK,AU,MX,
Icons,Book Nook,10351,Sherlock Holmes: Book Nook,,,"Dec 31, 2026",US,CA,UK,AU,MX,(US) Exclusive to Barnes and Noble
Icons,-,10363,Leonardo da Vinci's Flying Machine,18+,493,"Dec 31, 2026",US,CA,UK,AU,MX,
Icons,Botanical Collection,10370,Poinsettia,18+,608,"Dec 31, 2026",US,CA,UK,AU,MX,
Icons,- ,40516,Everyone is Awesome,18+,346,"Dec 31, 2026",US,CA,UK,AU,MX,(WW) Exclusive to LEGO
Icons,Formula 1,10353,Williams Racing FW14B & Nigel Mansell,18+,799,"Jul 31, 2027",US,CA,UK,AU,MX,
Icons,Botanical Collection,10281,Bonsai Tree,18+,878,"Dec 31, 2027",US,CA,UK,AU,MX,
Icons,- ,10295,Porsche 911,18+,1458,"Dec 31, 2027",US,CA,UK,AU,MX,
Icons,- ,10300,Back to the Future Time Machine,18+,1872,"Dec 31, 2027",US,CA,UK,AU,MX,(DE/UK) Exclusive to Smyths
Icons,Botanical Collection,10311,Orchid,18+,608,"Dec 31, 2027",US,CA,UK,AU,MX,
Icons,Botanical Collection,10313,Wildflower Bouquet,18+,939,"Dec 31, 2027",US,CA,UK,AU,MX,
Icons,Lord of the Rings,10316,The Lord of the Rings: Rivendell,18+,6167,"Dec 31, 2027",US,CA,UK,AU,MX,
Icons,- ,10318,Concorde,18+,2083,"Dec 31, 2027",US,CA,UK,AU,MX,
Icons,Botanical Collection,10328,Bouquet of Roses,18+,822,"Dec 31, 2027",US,CA,UK,AU,MX,
Icons,Botanical Collection,10329,Tiny Plants,18+,758,"Dec 31, 2027",US,CA,UK,AU,MX,
Icons,Formula 1,10330,McLaren MP4/4 & Ayrton Senna,18+,693,"Dec 31, 2027",US,CA,UK,AU,MX,
Icons,Lord of the Rings,10333,The Lord Of The Rings: Barad-dûr,18+,5471,"Dec 31, 2027",US,CA,UK,AU,MX,
Icons,Botanical Collection,10368,Chrysanthemum,18+,278,"Dec 31, 2027",US,CA,UK,AU,MX,
Icons,Botanical Collection,10369,Plum Blossom,18+,327,"Dec 31, 2027",US,CA,UK,AU,MX,
Icons,- ,10294,Titanic,18+,9090,"Dec 31, 2028",US,CA,UK,AU,MX,(WW) Exclusive to LEGO
Icons,Modular Building,10350,Tudor Corner,18,3266,"Dec 31, 2028",US,CA,UK,AU,MX,
Icons,The Simpsons,10352,The Simpsons: Krusty Burger,18+,1635,"Dec 31, 2028",US,CA,UK,AU,MX,
Icons,Lord of the Rings,10354,The Lord of the Rings: The Shire,18+,2017,"Dec 31, 2028",US,CA,UK,AU,MX,
Icons,Star Trek,10356,Star Trek: USS Enterprise-D,18+,3600,"Dec 31, 2028",US,CA,UK,AU,MX,
Icons,-,10357,Shelby Cobra 427 S/C,18+,1241,"Dec 31, 2028",US,CA,UK,AU,MX,
Icons,Transformers,10358,Transformers: Soundwave,18+,1502,"Dec 31, 2028",US,CA,UK,AU,MX,
Icons,Space,10360,Shuttle Carrier Aircraft,18+,2417,"Dec 31, 2028",US,CA,UK,AU,MX,
Icons,Holiday,10361,Winter Express Train,18+,956,"Dec 31, 2028",US,CA,UK,AU,MX,
Icons,Pirates of the Caribbean,10365,Captain Jack Sparrow's Pirate Ship,18+,2861,"Dec 31, 2028",US,CA,UK,AU,MX,
Icons,-,10366,Tropical Aquarium,18+,4154,"Dec 31, 2028",US,CA,UK,AU,MX,
Icons,Lord of the Rings,10367,The Lord of the Rings: Balrog Book Nook,18+,1201,"Dec 31, 2028",US,CA,UK,AU,MX,
Icons,-,10375,How to Train Your Dragon: Toothless,18+,784,"Dec 31, 2028",US,CA,UK,AU,MX,
Ideas,- ,21335,Motorized Lighthouse,18+,2065,"Dec 31, 2025",US,CA,UK,AU,MX,
Ideas,Disney,21341,Disney Hocus Pocus: The Sanderson Sisters' Cottage,18+,2316,"Dec 31, 2025",US,CA,UK,AU,MX,(ES) Exclusive to Toys-R-Us | (NL) Bol | (UK) Argos
Ideas,- ,21342,The Insect Collection,18+,1111,"Dec 31, 2025",US,CA,UK,AU,MX,
Ideas,- ,21343,Viking Village,18+,2103,"Dec 31, 2025",US,CA,UK,AU,MX,(US) Exclusive to Target | (ES) El Corte Inglés | (UK) John Lewis
Ideas,- ,21344,Orient Express,18+,2540,"Dec 31, 2025",US,CA,UK,AU,MX,(WW) Exclusive to LEGO
Ideas,-,21346,Family Tree,18+,1040,"Dec 31, 2025",US,CA,UK,AU,MX,(US) Exclusive to Target | (DE) Müller | (UK) The Entertainer
Ideas,-,21347,Red London Telephone Box,18+,1460,"Dec 31, 2025",US,CA,UK,AU,MX,
Ideas,Dungeons & Dragons,21348,Dungeons & Dragons: Red Dragon's Tale,18+,3745,"Jul 31, 2026",US,CA,UK,AU,MX,
Ideas,Diorama Collection,21350,Jaws,18+,1497,"Jul 31, 2026",US,CA,UK,AU,MX,
Ideas,Disney,21352,Magic of Disney,18+,1103,"Jul 31, 2026",US,CA,UK,AU,MX,(US) Exclusive to Target
Ideas,- ,21323,Grand Piano,18+,3662,"Dec 31, 2026",US,CA,UK,AU,MX,
Ideas,- ,21333,Vincent van Gogh - The Starry Night,18+,2316,"Dec 31, 2026",US,CA,UK,AU,MX,
Ideas,-,21345,Polaroid OneStep SX-70 Camera,18+,516,"Dec 31, 2026",US,CA,UK,AU,MX,
Ideas,Disney,21351,Tim Burton's The Nightmare Before Christmas,18+,2193,"Dec 31, 2026",US,CA,UK,AU,MX,
Ideas,-,21353,The Botanical Garden,18+,3792,"Dec 31, 2026",US,CA,UK,AU,MX,
Ideas,-,21355,The Evolution of STEM,18+,879,"Dec 31, 2026",US,CA,UK,AU,MX,(US) Exclusive to Target
Ideas,-,21356,River Steamboat,18+,4090,"Dec 31, 2026",US,CA,UK,AU,MX,
Ideas,-,21354,Twilight: The Cullen House,18+,2001,"Jul 31, 2027",US,CA,UK,AU,MX,
Ideas,-,21349,Tuxedo Cat,18+,1710,"Dec 31, 2027",US,CA,UK,AU,MX,
Ideas,Disney,21357,Disney Pixar Luxo Jr.,18+,613,"Dec 31, 2027",US,CA,UK,AU,MX,
Ideas,- ,21358,Minifigure Vending Machine,18+,1343,"Dec 31, 2027",US,CA,UK,AU,MX,
Ideas,-,21359,The Italian Riviera,18+,3251,"Dec 31, 2027",US,CA,UK,AU,MX,
Ideas,-,21360,Willy Wonka & the Chocolate Factory,18+,2025,"Dec 31, 2027",US,CA,UK,AU,MX,
Ideas,-,21361,Gremlins: Gizmo,18+,1135,"Dec 31, 2027",US,CA,UK,AU,MX,(US) Exclusive to Target
Ideas,-,21362,Mineral Collection,18+,880,"Dec 31, 2027",US,CA,UK,AU,MX,
Ideas,-,21363,The Goonies,18+,2912,"Dec 31, 2027",US,CA,UK,AU,MX,
Ideas,- ,21330,Home Alone,18+,3955,"Dec 31, 2028",US,CA,UK,AU,MX,
Jurassic,World,76962,Baby Bumpy: Ankylosaurus,7+,358,"Dec 31, 2025",US,CA,UK,AU,MX,
Jurassic,World,76963,Baby Dinosaur Rescue Centre,4+,139,"Dec 31, 2025",US,CA,UK,AU,MX,
Jurassic,Dinosaur Fossils,76964,Dinosaur Fossils: T. rex Skull,9+,577,"Dec 31, 2025",US,CA,UK,AU,MX,
Jurassic,World,76965,Dinosaur Missions: Stegosaurus Discovery,6+,420,"Dec 31, 2025",US,CA,UK,AU,MX,
Jurassic,World,76966,Dinosaur Missions: Allosaurus Transport Truck,8+,588,"Dec 31, 2025",US,CA,UK,AU,MX,
Jurassic,World,76967,Little Eatie: T. rex,7+,317,"Jul 31, 2026",US,CA,UK,AU,MX,
Jurassic,World,76970,Baby Dinosaur Dolores: Aquilops,7+,339,"Jul 31, 2026",US,CA,UK,AU,MX,
Jurassic,World,76973,Raptor & Titanosaurus Tracking Mission,7+,582,"Jul 31, 2026",US,CA,UK,AU,MX,
Jurassic,Dinosaur Fossils,76968,Dinosaur Fossils: Tyrannosaurus rex,18+,3145,"Dec 31, 2026",US,CA,UK,AU,MX,
Jurassic,Dinosaur Fossils,76969,Dinosaur Fossils: Triceratops Skull,9+,468,"Dec 31, 2026",US,CA,UK,AU,MX,
Jurassic,World,76972,Raptor Off-Road Escape,6+,285,"Dec 31, 2026",US,CA,UK,AU,MX,
Jurassic,World,76974,Brick-Built Mosasaurus Boat Mission,9+,858,"Dec 31, 2026",US,CA,UK,AU,MX,(US) Exclusive to Walmart
Jurassic,World,76975,T. rex River Escape,5+,199,"Jul 31, 2027",US,CA,UK,AU,MX,
Jurassic,World,76976,Spinosaurus & Quetzalcoatlus Air Mission,8+,984,"Jul 31, 2027",US,CA,UK,AU,MX,
Mario,-,30702,Toad (Pit Crew) (Polybag),6+,39,"Dec 31, 2025",US,CA,UK,AU,MX,
Mario,- ,71411,The Mighty Bowser,18+,2807,"Dec 31, 2025",US,CA,UK,AU,MX,
Mario,-,71435,Battle with Roy at Peach's Castle,7+,738,"Dec 31, 2025",US,CA,UK,AU,MX,
Mario,-,71436,King Boo's Haunted Mansion,8+,932,"Dec 31, 2025",US,CA,UK,AU,MX,
Mario,-,71437,The Bowser Express Train,9+,1392,"Dec 31, 2025",US,CA,UK,AU,MX,
Mario,Kart,72033,Donkey Kong & DK Jumbo,8+,387,"Dec 31, 2025",US,CA,UK,AU,MX,
Mario,- ,71426,Piranha Plant,18+,540,"Jul 31, 2026",US,CA,UK,AU,MX,
Mario,- ,71438,Super Mario World: Mario & Yoshi,18+,1215,"Jul 31, 2026",US,CA,UK,AU,MX,
Mario,-,71439,Adventures with Interactive LEGO® Mario™,6+,218,"Jul 31, 2026",US,CA,UK,AU,MX,
Mario,Kart,72031,Yoshi Bike,7+,133,"Jul 31, 2026",US,CA,UK,AU,MX,
Mario,Kart,72032,Standard Kart,7+,174,"Jul 31, 2026",US,CA,UK,AU,MX,
Mario,Kart,72034,Baby Mario vs. Baby Luigi,8+,321,"Jul 31, 2026",US,CA,UK,AU,MX,
Mario,Kart,72035,Toad's Garage ,8+,390,"Jul 31, 2026",US,CA,UK,AU,MX,
Mario,Kart,72036,Baby Peach & Grand Prix Set,8+,823,"Jul 31, 2026",US,CA,UK,AU,MX,
Mario,Kart,72038,Wario & King Boo,,,"Jul 31, 2026",US,CA,UK,AU,MX,
Mario,Kart,72039,Bowser's Castle,,,"Jul 31, 2026",US,CA,UK,AU,MX,
Mario,-,72040,Captain Toad's Camp,,,"Jul 31, 2026",US,CA,UK,AU,MX,
Mario,-,72041,Party at Toad's House,,,"Jul 31, 2026",US,CA,UK,AU,MX,
Mario,-,72042,Prince Florian & Castle Bowser,,,"Jul 31, 2026",US,CA,UK,AU,MX,
Mario,Kart,72044,Piranha Plant Power-Up Pursuit,8+,588,"Jul 31, 2026",US,CA,UK,AU,MX,(US) Exclusive to Target
Mario,-,71440,Adventures with Interactive LEGO® Luigi™,6+,210,"Dec 31, 2026",US,CA,UK,AU,MX,
Mario,-,71441,Adventures with Interactive LEGO® Peach™,6+,208,"Dec 31, 2026",US,CA,UK,AU,MX,
Mario,Kart,72043,Interactive LEGO Mario & Standard Kart,,,"Dec 31, 2026",US,CA,UK,AU,MX,
Mario,Kart,72045,Shy Guy & P-Wing,7+,249,"Dec 31, 2026",US,CA,UK,AU,MX,(US) Exclusive to Target
Mario,Kart,72037,Mario Kart™ – Mario & Standard Kart,18+,1972,"Dec 31, 2027",US,CA,UK,AU,MX,
Mario,-,72046,Game Boy,18+,421,"Dec 31, 2027",US,CA,UK,AU,MX,
Marvel,Spidey & His Amazing Friends,10789,Spider-Man's Car and Doc Ock (4+),4+,48,"Dec 31, 2025",US,CA,UK,AU,MX,
Marvel,Spidey & His Amazing Friends,10794,Team Spidey Web Spinner Headquarters (4+),4+,193,"Dec 31, 2025",US,CA,UK,AU,MX,
Marvel,Spidey and his Amazing Friends,11199,Team Spidey Dino Crawler Rescue,4+,136,"Dec 31, 2025",US,CA,UK,AU,MX,
Marvel,-,30707,Venom's Museum Robbery (Polybag),6+,36,"Dec 31, 2025",US,CA,UK,AU,MX,
Marvel,Modular Building,76178,Daily Bugle,18+,3789,"Dec 31, 2025",US,CA,UK,AU,MX,
Marvel,Helmet Collection,76191,Infinity Gauntlet,18+,590,"Dec 31, 2025",US,CA,UK,AU,MX,
Marvel,- ,76261,Spider-Man Final Battle,10+,900,"Dec 31, 2025",US,CA,UK,AU,MX,Connects with 76280
Marvel,Character Mech,76276,Venom Mech Armor vs. Miles Morales,6+,134,"Dec 31, 2025",US,CA,UK,AU,MX,
Marvel,Character Mech,76277,War Machine Mech Armor,6+,154,"Dec 31, 2025",US,CA,UK,AU,MX,
Marvel,-,76279,Spider-Man Race Car & Venom Green Goblin,7+,227,"Dec 31, 2025",US,CA,UK,AU,MX,
Marvel,-,76280,Spider-Man vs. Sandman: Final Battle,10+,347,"Dec 31, 2025",US,CA,UK,AU,MX,Connects with 76261
Marvel,-,76281,X-Men Jet,8+,359,"Dec 31, 2025",US,CA,UK,AU,MX,
Marvel,-,76282,Rocket & Baby Groot,10+,566,"Dec 31, 2025",US,CA,UK,AU,MX,
Marvel,Helmet Collection,76285,Spider-Man's Mask,18+,487,"Dec 31, 2025",US,CA,UK,AU,MX,(US) Exclusive to Target | (DE) Müller | (ES) Toys-R-Us | (UK) Very
Marvel,-,76286,Guardians of the Galaxy: The Milano,12+,2090,"Dec 31, 2025",US,CA,UK,AU,MX,
Marvel,-,76287,Iron Man with Bike and The Hulk (4+),4+,68,"Dec 31, 2025",US,CA,UK,AU,MX,
Marvel,-,76288,Iron Man & Iron Legion vs. Hydra Soldier,6+,135,"Dec 31, 2025",US,CA,UK,AU,MX,
Marvel,-,76289,Thor vs. Surtur Construction Figure,8+,245,"Dec 31, 2025",US,CA,UK,AU,MX,
Marvel,-,76290,The Avengers vs. The Leviathan,7+,347,"Dec 31, 2025",US,CA,UK,AU,MX,
Marvel,-,76291,The Avengers Assemble: Age of Ultron,10+,613,"Dec 31, 2025",US,CA,UK,AU,MX,
Marvel,-,76292,Captain America vs. Red Hulk Battle,8+,223,"Dec 31, 2025",US,CA,UK,AU,MX,
Marvel,Midi-scale,76295,The Avengers Helicarrier,18+,509,"Dec 31, 2025",US,CA,UK,AU,MX,
Marvel,Buildable Figure,76296,New Captain America Construction Figure,8+,359,"Dec 31, 2025",US,CA,UK,AU,MX,
Marvel,Buildable Figure,76298,Iron Spider-Man Construction Figure,8+,303,"Dec 31, 2025",US,CA,UK,AU,MX,
Marvel,-,76310,Iron Man Car & Black Panther vs. Red Hulk,7+,295,"Dec 31, 2025",US,CA,UK,AU,MX,
Marvel,-,76297,Dancing Groot,10+,459,"Jul 31, 2026",US,CA,UK,AU,MX,
Marvel,Spiderverse,76311,Miles Morales vs. the Spot,9+,375,"Jul 31, 2026",US,CA,UK,AU,MX,
Marvel,-,76312,The Hulk Truck vs. Thanos,7+,229,"Jul 31, 2026",US,CA,UK,AU,MX,
Marvel,-,76314,Captain America: Civil War Battle,10+,736,"Jul 31, 2026",US,CA,UK,AU,MX,
Marvel,Spidey and his Amazing Friends,11198,Spin and Electro Dinosaur Vehicle Chase,4+,124,"Dec 31, 2026",US,CA,UK,AU,MX,
Marvel,Spidey and his Amazing Friends,11200,Spidey and Gobby's Raptor Battle at Tree House HQ,4+,143,"Dec 31, 2026",US,CA,UK,AU,MX,
Marvel,Modular Building,76269,Avenger's Tower,18+,5201,"Dec 31, 2026",US,CA,UK,AU,MX,
Marvel,Modular Building,76294,X-Men: The X-Mansion,18+,3093,"Dec 31, 2026",US,CA,UK,AU,MX,
Marvel,Character Mech,76307,Iron Man Mech vs. Ultron,6+,101,"Dec 31, 2026",US,CA,UK,AU,MX,
Marvel,Character Mech,76308,Spider-Man Mech vs. Anti-Venom,6+,107,"Dec 31, 2026",US,CA,UK,AU,MX,
Marvel,-,76309,Spider-Man vs. Venom Muscle Car,7+,254,"Dec 31, 2026",US,CA,UK,AU,MX,
Marvel,Logo,76313,MARVEL Logo,12+,931,"Dec 31, 2026",US,CA,UK,AU,MX,
Marvel,-,76315,Iron Man's Laboratory: Hall of Armor,8+,384,"Dec 31, 2026",US,CA,UK,AU,MX,
Marvel,- ,76316,Fantastic Four vs. Galactus Construction Figure,9+,427,"Dec 31, 2026",US,CA,UK,AU,MX,
Marvel,-,76317,Peter Parker's Apartment,,,"Dec 31, 2026",US,CA,UK,AU,MX,
Marvel,-,76319,Captain America vs. Thanos,,,"Dec 31, 2026",US,CA,UK,AU,MX,
Marvel,-,76320,Iron Man & War Machine vs. Hammer Drones,,,"Dec 31, 2026",US,CA,UK,AU,MX,
Marvel,-,76321,Spider-Man vs. Doc Ock Subway Train Scene,9+,393,"Dec 31, 2026",US,CA,UK,AU,MX,
Marvel,-,76322,Avengers: Endgame Thor vs. Chitauri,,,"Dec 31, 2026",US,CA,UK,AU,MX,
Marvel,-,76323,Avengers: Endgame Final Battle,10+,621,"Dec 31, 2026",US,CA,UK,AU,MX,
Marvel,-,76324,Spider-Man vs. Oscorp,,,"Dec 31, 2026",US,CA,UK,AU,MX,
Marvel,-,76325,Avengers: Age of Ultron Quinjet,,,"Dec 31, 2026",US,CA,UK,AU,MX,
Marvel,Bust,76326,Iron Spider-Man Bust,,,"Dec 31, 2026",US,CA,UK,AU,MX,
Marvel,Bust,76327,Iron Man MK4 Bust,18+,436,"Dec 31, 2026",US,CA,UK,AU,MX,
Marvel,Helmet Collection,76329,Miles Morales' Mask,18+,487,"Dec 31, 2026",US,CA,UK,AU,MX,(US) Walmart exclusive
Marvel,-,76336,Spider-Man Car vs. Venomized Wolverine,7+,134,"Jul 31, 2027",US,CA,UK,AU,MX,
Marvel,-,76334,Epic Battle: Spider-Man vs. Sandman,9+,201,"Dec 31, 2027",US,CA,UK,AU,MX,
Marvel,-,76335,Spider-Man vs. Ghost Rider Motorcycle,6+,72,"Dec 31, 2027",US,CA,UK,AU,MX,
Marvel,-,76342,Spider-Man vs. Mysterio: The Daily Bugle,10+,781,"Dec 31, 2027",US,CA,UK,AU,MX,
Marvel,-,76343,Epic Battle: Hulkbuster vs. The Hulk,9+,413,"Dec 31, 2027",US,CA,UK,AU,MX,
Marvel,-,76344,Iron Man Mark 3 Collectors' Edition,18+,1297,"Dec 31, 2027",US,CA,UK,AU,MX,
Minecraft,- ,21178,The Fox Lodge,8+,193,"Dec 31, 2025",US,CA,UK,AU,MX,
Minecraft,-,21251,Steve's Desert Expedition,6+,75,"Dec 31, 2025",US,CA,UK,AU,MX,
Minecraft,- ,21252,The Armory,7+,203,"Dec 31, 2025",US,CA,UK,AU,MX,
Minecraft,-,21254,The Turtle Beach House,8+,234,"Dec 31, 2025",US,CA,UK,AU,MX,
Minecraft,-,21255,The Nether Portal Ambush,8+,352,"Dec 31, 2025",US,CA,UK,AU,MX,
Minecraft,-,21256,The Frog House,8+,400,"Dec 31, 2025",US,CA,UK,AU,MX,
Minecraft,-,21259,The Pirate Ship Voyage,8+,166,"Dec 31, 2025",US,CA,UK,AU,MX,
Minecraft,-,21260,The Cherry Blossom Garden,8+,304,"Dec 31, 2025",US,CA,UK,AU,MX,
Minecraft,-,21261,The Wolf Stronghold,8+,312,"Dec 31, 2025",US,CA,UK,AU,MX,
Minecraft,-,21262,The Windmill Farm,8+,462,"Dec 31, 2025",US,CA,UK,AU,MX,
Minecraft,-,21263,The Badlands Mineshaft,8+,538,"Dec 31, 2025",US,CA,UK,AU,MX,
Minecraft,-,21264,The Ender Dragon And End Ship,8+,657,"Dec 31, 2025",US,CA,UK,AU,MX,
Minecraft,Microscale,21265,The Crafting Table,18+,1195,"Dec 31, 2025",US,CA,UK,AU,MX,
Minecraft,Holiday,21280,Minecraft Advent Calendar 2025,7+,300,"Dec 31, 2025",US,CA,UK,AU,MX,
Minecraft,BigFig,21281,Baby Pig's Birthday Celebration,8+,351,"Dec 31, 2025",US,CA,UK,AU,MX,(WW) Exclusive to LEGO
Minecraft,-,30672,Steve and Baby Panda (Polybag),6+,35,"Dec 31, 2025",US,CA,UK,AU,MX,
Minecraft,-,30705,The Lush Cave Fight (Polybag),,40,"Dec 31, 2025",US,CA,UK,AU,MX,
Minecraft,Multipack,66805,World Explorer Gift Set,7+,522,"Dec 31, 2025",US,CA,UK,AU,MX,(Contains 5 sets)
Minecraft,Multipack,66807,Infinite Worlds Gift Set,8+,769,"Dec 31, 2025",n/a,n/a,n/a,n/a,n/a,"(Contains 21252, 21254, 21255)"
Minecraft,-,21271,The Trial Chamber,8+,322,"Jul 31, 2026",US,CA,UK,AU,MX,
Minecraft,-,21266,The Nether Lava Battle,6+,99,"Dec 31, 2026",US,CA,UK,AU,MX,
Minecraft,-,21267,The Illager Desert Patrol,7+,105,"Dec 31, 2026",US,CA,UK,AU,MX,
Minecraft,-,21268,The Baby Pig House,7+,238,"Dec 31, 2026",US,CA,UK,AU,MX,
Minecraft,-,21269,The Armadillo Mine Expedition,8+,247,"Dec 31, 2026",US,CA,UK,AU,MX,
Minecraft,-,21270,The Mooshroom House,8+,500,"Dec 31, 2026",US,CA,UK,AU,MX,
Minecraft,Movie,21272,Woodland Mansion Fighting Ring,10+,491,"Dec 31, 2026",US,CA,UK,AU,MX,
Minecraft,Movie,21273,The Ghast Balloon Village Attack,10+,555,"Dec 31, 2026",US,CA,UK,AU,MX,
Minecraft,-,21274,The Warden Encounter,,,"Dec 31, 2026",US,CA,UK,AU,MX,
Minecraft,-,21275,The TNT Jungle House,,,"Dec 31, 2026",US,CA,UK,AU,MX,
Minecraft,Buildable Mob,21276,The Creeper,,,"Dec 31, 2026",US,CA,UK,AU,MX,
Minecraft,-,21277,The Pickaxe Mine,,,"Dec 31, 2026",US,CA,UK,AU,MX,
Minecraft,-,21278,The Pillager Outpost and Ravager,,,"Dec 31, 2026",US,CA,UK,AU,MX,
Minecraft,-,21279,The Enderman Tower,,,"Dec 31, 2026",US,CA,UK,AU,MX,
Minecraft,-,21282,The Parrot Houses,8+,535,"Dec 31, 2026",US,CA,UK,AU,MX,(US) Exclusive to Amazon
Minecraft,-,21584,Nether & End Portal Journey,7+,192,"Dec 31, 2026",US,CA,UK,AU,MX,
Minecraft,-,21583,Steve's Taiga Adventure,6+,79,"Dec 31, 2027",US,CA,UK,AU,MX,
Minecraft,-,21585,Chicken Farm,7+,233,"Dec 31, 2027",US,CA,UK,AU,MX,
Minecraft,-,21586,The Pale Garden,7+,243,"Dec 31, 2027",US,CA,UK,AU,MX,
Minecraft,-,21587,Zombie Dungeon,8+,284,"Dec 31, 2027",US,CA,UK,AU,MX,
Minecraft,Buildable Mob,21588,The Fox,10+,497,"Dec 31, 2027",US,CA,UK,AU,MX,
Minecraft,Microscale,21589,Mini Biomes,12+,797,"Dec 31, 2027",US,CA,UK,AU,MX,
Minecraft,-,21590,Wither Battle,8+,494,"Dec 31, 2027",US,CA,UK,AU,MX,
Minifigures,Marvel,66797,Spider-Man: Across the Spider-Verse 6 Pack,5+,47,"Dec 31, 2025",US,CA,UK,AU,MX,
Minifigures,Marvel,71050,Spider-Man: Across the Spider-Verse,5+,8,"Dec 31, 2025",US,CA,UK,AU,MX,
Minifigures,- ,40649,Up-Scaled LEGO Minifigure,10+,654,"Dec 31, 2026",US,CA,UK,AU,MX,(WW) Exclusive to LEGO
Miscellaneous,Braille ,30711,Play with Braille Bricks (Polybag),6+,10,"Dec 31, 2025",n/a,n/a,n/a,n/a,n/a,
Miscellaneous,Holiday,40499,Santa's Sleigh,9+,343,"Dec 31, 2025",US,CA,UK,AU,MX,(WW) Exclusive to LEGO
Miscellaneous,LEGO House,40506,LEGO Fabuland Tribute,10+,1026,"Dec 31, 2025",US,CA,UK,AU,MX,(WW) Exclusive to the LEGO House
Miscellaneous,Holiday,40573,Christmas Tree,12+,784,"Dec 31, 2025",US,CA,UK,AU,MX,(WW) Exclusive to LEGO
Miscellaneous,Holiday,40648,Money Tree,9+,336,"Dec 31, 2025",US,CA,UK,AU,MX,(WW) Exclusive to LEGO
Miscellaneous,Holiday,40678,Festival Calendar,10+,345,"Dec 31, 2025",US,CA,UK,AU,MX,(WW) Exclusive to LEGO
Miscellaneous,Holiday,40709,Spring Animal Playground,8+,172,"Dec 31, 2025",US,CA,UK,AU,MX,(WW) Exclusive to LEGO
Miscellaneous,Holiday,40711,Hedgehog Picnic Date,8+,166,"Dec 31, 2025",US,CA,UK,AU,MX,(WW) Exclusive to LEGO
Miscellaneous,Holiday,40721,Halloween Barn,8+,205,"Dec 31, 2025",US,CA,UK,AU,MX,(WW) Exclusive to LEGO
Miscellaneous,Holiday,40744,Christmas Ornament Selection,6+,153,"Dec 31, 2025",US,CA,UK,AU,MX,(WW) Exclusive to LEGO
Miscellaneous,Holiday,40746,Santa's Delivery Truck,8+,224,"Dec 31, 2025",US,CA,UK,AU,MX,(WW) Exclusive to LEGO
Miscellaneous,-,40780,Birthday Cake,,,"Dec 31, 2025",US,CA,UK,AU,MX,(WW) Exclusive to LEGO
Miscellaneous,Holiday,40821,Love Bears,9+,287,"Dec 31, 2025",US,CA,UK,AU,MX,(WW) Exclusive to LEGO
Miscellaneous,Holiday,80116,Trotting Lantern,9+,1295,"Dec 31, 2025",US,CA,UK,AU,MX,(WW) Exclusive to LEGO
Miscellaneous,Holiday,80117,Good Fortune,9+,1021,"Dec 31, 2025",US,CA,UK,AU,MX,(WW) Exclusive to LEGO
Miscellaneous,- ,40179,Personalised Mosaic Portrait,10+,4702,"Dec 31, 2026",US,CA,UK,AU,MX,(WW) Exclusive to LEGO
Miscellaneous,LEGO House,40296,LEGO House Build Your Meal Brick Bag,4+,19,"Dec 31, 2026",US,CA,UK,AU,MX,(WW) Exclusive to the LEGO House
Miscellaneous,LEGO House,40504,A Minifigure Tribute,10+,1041,"Dec 31, 2026",US,CA,UK,AU,MX,(WW) Exclusive to the LEGO House
Miscellaneous,-,40528,LEGO Brand Retail Store,10+,40528,"Dec 31, 2026",US,CA,UK,AU,MX,(Promo set)
Miscellaneous,Holiday,40638,Heart Ornament,9+,254,"Dec 31, 2026",US,CA,UK,AU,MX,(WW) Exclusive to LEGO
Miscellaneous,Braille ,40655,Play with Braille – French Alphabet,6+,287,"Dec 31, 2026",US,CA,UK,AU,MX,(WW) Exclusive to LEGO
Miscellaneous,Braille ,40656,Play with Braille – English Alphabet,6+,287,"Dec 31, 2026",US,CA,UK,AU,MX,(WW) Exclusive to LEGO
Miscellaneous,Braille ,40722,Play with Braille - German Alphabet,6+,287,"Dec 31, 2026",US,CA,UK,AU,MX,(WW) Exclusive to LEGO
Miscellaneous,Holiday,40743,Christmas Table Decoration,12+,433,"Dec 31, 2026",US,CA,UK,AU,MX,(WW) Exclusive to LEGO
Miscellaneous,LEGO House,40790,LEGO House Chef (Polybag),4+,6,"Dec 31, 2026",US,CA,UK,AU,MX,(WW) Exclusive to the LEGO House
Miscellaneous,-,40805,Arcade Machine,12+,468,"Dec 31, 2026",US,CA,UK,AU,MX,(WW) Exclusive to LEGO
Miscellaneous,-,40807,Birthday Numbers,6+,281,"Dec 31, 2026",US,CA,UK,AU,MX,(WW) Exclusive to LEGO
Miscellaneous,Holiday,40808,Easter Bunny And Chick Egg Hunt,8+,140,"Dec 31, 2026",US,CA,UK,AU,MX,(WW) Exclusive to LEGO
Miscellaneous,Holiday,40812,Snowman Ornaments,6+,168,"Dec 31, 2026",US,CA,UK,AU,MX,(WW) Exclusive to LEGO
Miscellaneous,-,40814,Baby Elephant in the Sky,,,"Dec 31, 2026",US,CA,UK,AU,MX,(WW) Exclusive to LEGO
Miscellaneous,-,40817,Yellow Travel Suitcase,7+,184,"Dec 31, 2026",US,CA,UK,AU,MX,(WW) Exclusive to LEGO        
Miscellaneous,Holiday,40822,Jack-O'-Lantern Pickup Truck,8+,177,"Dec 31, 2026",US,CA,UK,AU,MX,(WW) Exclusive to LEGO
Miscellaneous,Looney Toons,40824,Sweetheart Tweety Bird,12+,412,"Dec 31, 2026",US,CA,UK,AU,MX,(WW) Exclusive to LEGO
Miscellaneous,LEGO House,40501,The Wooden Duck,10+,621,"Dec 31, 2027",US,CA,UK,AU,MX,(WW) Exclusive to the LEGO House
Miscellaneous,-,40719,Traditional Chess Set,9+,743,"Dec 31, 2027",US,CA,UK,AU,MX,(WW) Exclusive to LEGO
Miscellaneous,Braille ,40723,Play with Braille - Italian Alphabet,6+,287,"Dec 31, 2027",US,CA,UK,AU,MX,(WW) Exclusive to LEGO
Miscellaneous,Braille ,40724,Play with Braille - Spanish Alphabet,6+,287,"Dec 31, 2027",US,CA,UK,AU,MX,(WW) Exclusive to LEGO
Miscellaneous,Holiday,40809,Festive Gingerbread House,10+,498,"Dec 31, 2027",US,CA,UK,AU,MX,(WW) Exclusive to LEGO
Miscellaneous,Holiday,40811,Altar of the Dead,9+,231,"Dec 31, 2027",US,CA,UK,AU,MX,(WW) Exclusive to LEGO
Miscellaneous,Holiday,40813,Lucky Cat,9+,280,"Dec 31, 2027",US,CA,UK,AU,MX,(WW) Exclusive to LEGO
Miscellaneous,-,40815,Birthday Party Cake,,,"Dec 31, 2027",US,CA,UK,AU,MX,(WW) Exclusive to LEGO
Miscellaneous,Holiday,40816,Decorative Easter Egg,9+,386,"Dec 31, 2027",US,CA,UK,AU,MX,(WW) Exclusive to LEGO
Miscellaneous,-,40819,Up-Scaled Racing Driver Minifigure,10+,694,"Dec 31, 2027",US,CA,UK,AU,MX,(WW) Exclusive to LEGO
Miscellaneous,Holiday,40820,Up-Scaled Santa Minifigure,10+,761,"Dec 31, 2027",US,CA,UK,AU,MX,(WW) Exclusive to LEGO
Miscellaneous,Holiday,40825,Halloween Wreath,12+,617,"Dec 31, 2027",US,CA,UK,AU,MX,(WW) Exclusive to LEGO
Miscellaneous,Holiday,40864,Fortune Master,9+,,"Dec 31, 2027",US,CA,UK,AU,MX,
Miscellaneous,LEGO House,40297,LEGO House 6 DUPLO Bricks,1½+,6,"Dec 31, 2028",US,CA,UK,AU,MX,(WW) Exclusive to the LEGO House
Monkie Kid,- ,80040,Monkie Kid's Combi Mech,7+,277,"Dec 31, 2027",US,CA,UK,AU,MX,(WW) Exclusive to LEGO
Monkie Kid,- ,80045,Monkey King Ultra Mech,10+,1705,"Dec 31, 2027",US,CA,UK,AU,MX,(WW) Exclusive to LEGO
Monkie Kid,-,80051,Monkie Kid's Mini Mech,8+,556,"Dec 31, 2027",US,CA,UK,AU,MX,(WW) Exclusive to LEGO
Monkie Kid,- ,80054,Megapolis City,10+,2330,"Dec 31, 2027",US,CA,UK,AU,MX,(WW) Exclusive to LEGO
Monkie Kid,-,80055,Monkie Kid's Team Power Truck,7+,712,"Dec 31, 2027",US,CA,UK,AU,MX,(WW) Exclusive to LEGO
Monkie Kid,-,80056,Nine-Headed Beast,9+,757,"Dec 31, 2027",US,CA,UK,AU,MX,(WW) Exclusive to LEGO
Monkie Kid,-,80057,Nezha's Ring of Fire Mech,9+,1163,"Dec 31, 2027",US,CA,UK,AU,MX,(WW) Exclusive to LEGO
Monkie Kid,-,80058,Celestial Pagoda,10+,1621,"Dec 31, 2027",US,CA,UK,AU,MX,(WW) Exclusive to LEGO
Monkie Kid,-,80065,Erlang's Celestial Mech,9+,807,"Dec 31, 2027",US,CA,UK,AU,MX,(WW) Exclusive to LEGO
Monkie Kid,-,80066,Mythical Creature Qilin,9+,791,"Dec 31, 2027",US,CA,UK,AU,MX,(WW) Exclusive to LEGO
Nike,-,43010,Nike Slam Dunk,10+,809,"Dec 31, 2026",US,CA,UK,AU,MX,
Nike,-,43021,Nike Dunk Trickshot,10+,454,"Dec 31, 2026",US,CA,UK,AU,MX,
Nike,-,43008,Nike Dunk,10+,1180,"Dec 31, 2027",US,CA,UK,AU,MX,
Ninjago,-,30675,Tournament Training Ground Polybag,6+,49,"Dec 31, 2025",US,CA,UK,AU,MX,
Ninjago,-,30699,Mini Ninja Combo Mech (Polybag),7,80,"Dec 31, 2025",US,CA,UK,AU,MX,
Ninjago,Modular Building,71799,NINJAGO City Markets,14+,6163,"Dec 31, 2025",US,CA,UK,AU,MX,(WW) Exclusive to LEGO
Ninjago,-,71804,Arin's Battle Mech (4+),4+,104,"Dec 31, 2025",US,CA,UK,AU,MX,
Ninjago,-,71805,Jay's Mech Battle Pack,6+,78,"Dec 31, 2025",US,CA,UK,AU,MX,
Ninjago,-,71806,Cole's Elemental Earth Mech,7+,235,"Dec 31, 2025",US,CA,UK,AU,MX,
Ninjago,-,71807,Sora's Elemental Tech Mech,7+,209,"Dec 31, 2025",US,CA,UK,AU,MX,
Ninjago,-,71809,Egalt the Master Dragon,8+,532,"Dec 31, 2025",US,CA,UK,AU,MX,
Ninjago,-,71810,Young Dragon Riyu,6+,132,"Dec 31, 2025",US,CA,UK,AU,MX,
Ninjago,-,71811,Arin's Ninja Off-Road Buggy Car,7+,267,"Dec 31, 2025",US,CA,UK,AU,MX,
Ninjago,-,71812,Kai's Ninja Climber Mech,9+,623,"Dec 31, 2025",US,CA,UK,AU,MX,
Ninjago,-,71813,Wolf Mask Shadow Dojo,9+,1190,"Dec 31, 2025",US,CA,UK,AU,MX,(DE) Exclusive to Smyths
Ninjago,-,71816,Zane's Ice Motorcycle,7+,84,"Dec 31, 2025",US,CA,UK,AU,MX,
Ninjago,-,71818,Tournament Battle Arena,7+,659,"Dec 31, 2025",US,CA,UK,AU,MX,
Ninjago,-,71819,Dragon Stone Shrine,13+,1212,"Dec 31, 2025",US,CA,UK,AU,MX,
Ninjago,-,71820,Ninja Team Combo Vehicle,9+,576,"Dec 31, 2025",US,CA,UK,AU,MX,
Ninjago,-,71821,Cole's Titan Dragon Mech,12+,1055,"Dec 31, 2025",US,CA,UK,AU,MX,
Ninjago,-,71822,Source Dragon of Motion,12+,1716,"Dec 31, 2025",US,CA,UK,AU,MX,
Ninjago,-,71823,Kai's Dragon Spinjitzu Spinner,6+,54,"Dec 31, 2025",US,CA,UK,AU,MX,
Ninjago,-,71824,Sora's Dragon Spinjitzu Spinner,6+,56,"Dec 31, 2025",US,CA,UK,AU,MX,
Ninjago,-,71833,Ra's and Arin's Super Storm Jet,8+,510,"Dec 31, 2025",US,CA,UK,AU,MX,
Ninjago,-,71841,Dragonian Storm Village,7+,305,"Dec 31, 2025",US,CA,UK,AU,MX,
Ninjago,-,71832,Thunderfang Dragon of Chaos,8+,668,"Jul 31, 2026",US,CA,UK,AU,MX,
Ninjago,-,71842,Rontu the Master Dragon,,,"Jul 31, 2026",US,CA,UK,AU,MX,
Ninjago,-,71843,Rogue's Mech Dragon Rider,,,"Jul 31, 2026",US,CA,UK,AU,MX,
Ninjago,-,71844,Ninja Combat Vehicle,,,"Jul 31, 2026",US,CA,UK,AU,MX,
Ninjago,-,71845,Lloyd's Jet Mech,,,"Jul 31, 2026",US,CA,UK,AU,MX,
Ninjago,-,71848,The Temple Bounty,,,"Jul 31, 2026",US,CA,UK,AU,MX,
Ninjago,-,30700,Arin vs. Dragonian Battle (Polybag),,,"Dec 31, 2026",US,CA,UK,AU,MX,
Ninjago,- ,71780,Kai's Ninja Race Car EVO,6+,94,"Dec 31, 2026",US,CA,UK,AU,MX,
Ninjago,-,71808,Kai's Elemental Fire Mech,7+,322,"Dec 31, 2026",US,CA,UK,AU,MX,
Ninjago,-,71814,Tournament Temple City,14+,3489,"Dec 31, 2026",US,CA,UK,AU,MX,
Ninjago,-,71826,Dragon Spinjitzu Battle Pack,6+,186,"Dec 31, 2026",US,CA,UK,AU,MX,
Ninjago,-,71827,Zane's Action Mech,6+,92,"Dec 31, 2026",US,CA,UK,AU,MX,
Ninjago,-,71829,Lloyd's Green Forest Dragon,6+,128,"Dec 31, 2026",US,CA,UK,AU,MX,
Ninjago,-,71830,Kai's Storm Rider Mech,7+,333,"Dec 31, 2026",US,CA,UK,AU,MX,
Ninjago,-,71831,Ninja Spinjitzu Temple,4+,158,"Dec 31, 2026",US,CA,UK,AU,MX,
Ninjago,-,71834,Zane's Ultra Combiner Mech,9+,1187,"Dec 31, 2026",US,CA,UK,AU,MX,
Ninjago,-,71836,Arc Dragon of Focus,9+,869,"Dec 31, 2026",US,CA,UK,AU,MX,
Ninjago,-,71838,Kai's Motorcycle Speed Race,,,"Dec 31, 2026",US,CA,UK,AU,MX,
Ninjago,-,71839,Arin's Spinjitzu Battle Mech,,,"Dec 31, 2026",US,CA,UK,AU,MX,
Ninjago,-,71840,Rogue vs. Drix Race Car Duel,,,"Dec 31, 2026",US,CA,UK,AU,MX,
Ninjago,-,71846,The Fire Knight Mech,,,"Dec 31, 2026",US,CA,UK,AU,MX,
Ninjago,-,71847,The Guardian Dragon,,,"Dec 31, 2026",US,CA,UK,AU,MX,
Ninjago,Modular Building,71837,NINJAGO City Workshops,14+,3244,"Dec 31, 2027",US,CA,UK,AU,MX,
Ninjago,-,71858,Four Weapons Blacksmith 15th Anniversary,14+,1259,"Dec 31, 2027",US,CA,UK,AU,MX,
Ninjago,-,71828,Lloyd's Pull-Back Race Car,7+,181,"Dec 31, 2028",US,CA,UK,AU,MX,
One Piece,- ,75638,Battle at Arlong Park,9+,926,"Jul 31, 2026",US,CA,UK,AU,MX,
One Piece,-,75636,Windmill Village Hut,8+,301,"Dec 31, 2026",US,CA,UK,AU,MX,
One Piece,-,75637,Buggy the Clown’s Circus Tent,8+,573,"Dec 31, 2026",US,CA,UK,AU,MX,
One Piece,-,75639,The Going Merry Pirate Ship,10+,1376,"Dec 31, 2026",US,CA,UK,AU,MX,
One Piece,- ,75640,The Baratie Floating Restaurant,18+,3402,"Dec 31, 2027",US,CA,UK,AU,MX,
Powered Up,-,45601,Large Hub,,,"Jun 30, 2026",US,CA,UK,AU,MX,
Powered Up,-,45602,Large Angular Motor,,,"Jun 30, 2026",US,CA,UK,AU,MX,
Powered Up,-,45603,Medium Angular Motor,,,"Jun 30, 2026",US,CA,UK,AU,MX,
Powered Up,-,45604,Distance Sensor,,,"Jun 30, 2026",US,CA,UK,AU,MX,
Powered Up,-,45605,Colour Sensor,,,"Jun 30, 2026",US,CA,UK,AU,MX,
Powered Up,-,45606,Force Sensor,,,"Jun 30, 2026",US,CA,UK,AU,MX,
Powered Up,-,45607,Small Angular Motor,,,"Jun 30, 2026",US,CA,UK,AU,MX,
Powered Up,-,45608,3×3 Color Light Matrix,,,"Jun 30, 2026",US,CA,UK,AU,MX,
Powered Up,-,45609,Small Hub,6+,2,"Jun 30, 2026",US,CA,UK,AU,MX,
Powered Up,-,45610,Large hub battery,,,"Jun 30, 2026",US,CA,UK,AU,MX,
Powered Up,-,45611,Micro USB connector cable,,,"Jun 30, 2026",US,CA,UK,AU,MX,
Powered Up,-,88010,Remote Control,7+,1,"Dec 31, 2027",US,CA,UK,AU,MX,
Powered Up,-,88019,LEGO USB Power Adapter,7+,1,"Dec 31, 2027",US,CA,UK,AU,MX,
Powered Up,-,45612,Small Hub Battery,6+,1,"Jun 30, 2028",US,CA,UK,AU,MX,
Powered Up,-,88005,Headlight Set,7+,1,"Dec 31, 2030",US,CA,UK,AU,MX,
Powered Up,-,88009,Hub,7+,1,"Dec 31, 2030",US,CA,UK,AU,MX,
Powered Up,-,88011,Train Motor,7+,7,"Dec 31, 2030",US,CA,UK,AU,MX,
Powered Up,-,88012,Technic Hub,7+,1,"Dec 31, 2030",US,CA,UK,AU,MX,
Powered Up,-,88013,Technic Large Motor,7+,1,"Dec 31, 2030",US,CA,UK,AU,MX,
Powered Up,-,88015,Battery Box,7+,1,"Dec 31, 2030",US,CA,UK,AU,MX,
Sonic,-,30704,Balkiry Attack (Polybag),,42,"Dec 31, 2025",US,CA,UK,AU,MX,
Sonic,- ,76995,Shadow's Escape,8+,196,"Dec 31, 2025",US,CA,UK,AU,MX,
Sonic,-,76996,Knuckles' Guardian Mech,8+,276,"Dec 31, 2025",US,CA,UK,AU,MX,
Sonic,-,76997,Tails' Adventure Boat,8+,393,"Dec 31, 2025",US,CA,UK,AU,MX,
Sonic,-,76998,Knuckles and the Master Emerald Shrine,8+,325,"Dec 31, 2025",US,CA,UK,AU,MX,
Sonic,-,76999,Super Sonic vs. Egg Drillster,8+,590,"Dec 31, 2025",US,CA,UK,AU,MX,
Sonic,Helmet Collection,77000,Shadow the Hedgehog,18+,720,"Dec 31, 2025",US,CA,UK,AU,MX,(US) Exclusive to Target
Sonic,-,77003,Super Shadow vs. Biolizard,9+,419,"Jul 31, 2026",US,CA,UK,AU,MX,
Sonic,-,77001,Sonic's Campfire Clash,7+,177,"Dec 31, 2026",US,CA,UK,AU,MX,
Sonic,-,77002,Cyclone vs. Metal Sonic,8+,290,"Dec 31, 2026",US,CA,UK,AU,MX,
Sonic,-,77005,Knuckles vs. Dr. Eggman Egg Crusher Mech,,,"Dec 31, 2026",US,CA,UK,AU,MX,
Sonic,-,77006,Team Sonic Command Truck,,,"Dec 31, 2026",US,CA,UK,AU,MX,
Speed Champions,-,30709,Ferrari 499P Hypercar (Polybag),7+,62,"Dec 31, 2025",US,CA,UK,AU,MX,
Speed Champions,Multipack,66802,Ultimate Formula 1 Collector's Pack,18,2601,"Dec 31, 2025",US,CA,UK,AU,MX,"(Contains 77247, 76934, 76935, 77242, 77243, 77244, 77245, 77246, 77248, 77249, 77250, 77251) | (WW) Exclusive to Amazon"
Speed Champions,-,76920,Ford Mustang Dark Horse,9+,344,"Dec 31, 2025",US,CA,UK,AU,MX,
Speed Champions,-,76921,Audi S1 e-tron quattro,9+,274,"Dec 31, 2025",US,CA,UK,AU,MX,
Speed Champions,-,76922,BMW M4 GT3 & BMW M Hybrid V8,9+,676,"Dec 31, 2025",US,CA,UK,AU,MX,
Speed Champions,-,76923,Lamborghini Lambo V12 Vision GT Super Car,10+,230,"Dec 31, 2025",US,CA,UK,AU,MX,
Speed Champions,-,76925,Aston Martin Safety Car & AMR23,9+,564,"Dec 31, 2025",US,CA,UK,AU,MX,(NA) Exclusive to Walmart
Speed Champions,Formula 1,76935,NASCAR® Next Gen Chevrolet Camaro ZL1,9+,328,"Dec 31, 2025",US,CA,UK,AU,MX,
Speed Champions,Formula 1,77247,KICK Sauber F1 Team C44 Race Car,10+,259,"Dec 31, 2025",US,CA,UK,AU,MX,
Speed Champions,Movie Cars,76917,2 Fast 2 Furious Nissan Skyline GT-R (R34),9+,319,"Jul 31, 2026",US,CA,UK,AU,MX,
Speed Champions,Formula 1,76934,Ferrari F40 Supercar,9+,318,"Jul 31, 2026",US,CA,UK,AU,MX,
Speed Champions,-,76924,Mercedes-AMG G 63 & Mercedes-AMG SL 63,10+,808,"Dec 31, 2026",US,CA,UK,AU,MX,
Speed Champions,Formula 1,77242,Ferrari SF-24 F1 Race Car,10+,275,"Dec 31, 2026",US,CA,UK,AU,MX,
Speed Champions,Formula 1,77243,Oracle Red Bull Racing RB20 F1 Race Car,18+,251,"Dec 31, 2026",US,CA,UK,AU,MX,
Speed Champions,Formula 1,77244,Mercedes-AMG PETRONAS W15 F1 Race Car,10+,267,"Dec 31, 2026",US,CA,UK,AU,MX,
Speed Champions,Formula 1,77245,Aston Martin Aramco F1 AMR24 Race Car,10+,269,"Dec 31, 2026",US,CA,UK,AU,MX,
Speed Champions,Formula 1,77246,Visa Cash App VCARB 01 F1 Race Car,18+,248,"Dec 31, 2026",US,CA,UK,AU,MX,
Speed Champions,Formula 1,77248,BWT Alpine F1 Team A524 Race Car,10+,258,"Dec 31, 2026",US,CA,UK,AU,MX,
Speed Champions,Formula 1,77249,Williams Racing FW46 F1 Race Car,10+,263,"Dec 31, 2026",US,CA,UK,AU,MX,
Speed Champions,Formula 1,77250,MoneyGram Haas F1 Team VF-24 Race Car,10+,242,"Dec 31, 2026",US,CA,UK,AU,MX,
Speed Champions,Formula 1,77251,McLaren MCL38 F1 Team Race Car,10+,269,"Dec 31, 2026",US,CA,UK,AU,MX,
Speed Champions,-,77237,Dodge Challenger SRT Hellcat,9+,390,"Jul 31, 2027",US,CA,UK,AU,MX,
Speed Champions,-,77240,Bugatti Centodieci,9+,291,"Jul 31, 2027",US,CA,UK,AU,MX,
Speed Champions,Movie Cars,77252,APXGP Team Race Car from F1 The Movie,10+,268,"Jul 31, 2027",US,CA,UK,AU,MX,
Speed Champions,-,77238,Lamborghini Revuelto & Huracán STO,,,"Dec 31, 2027",US,CA,UK,AU,MX,
Speed Champions,-,77239,Porsche 911 GT3 RS,,,"Dec 31, 2027",US,CA,UK,AU,MX,
Speed Champions,Movie Cars,77241,2 Fast 2 Furious Honda S2000,9+,300,"Dec 31, 2027",US,CA,UK,AU,MX,(US) Exclusive to Walmart
Speed Champions,Disney,77255,Lightning McQueen,9+,274,"Dec 31, 2027",US,CA,UK,AU,MX,
Speed Champions,Movie Cars,77256,Time Machine from Back to the Future,9+,357,"Dec 31, 2027",US,CA,UK,AU,MX,
Star Wars,-,30708,Millennium Falcon (Polybag),6+,74,"Dec 31, 2025",US,CA,UK,AU,MX,
Star Wars,-,40755,Imperial Dropship vs. Rebel Scout Speeder,8+,383,"Dec 31, 2025",US,CA,UK,AU,MX,(WW) Exclusive to LEGO
Star Wars,Multipack,66804,Star Wars: The Clone Wars and The Mandalorian Gift Set,7+,423,"Dec 31, 2025",US,CA,UK,AU,MX,(Contains 75372 + 75391 + 75373)
Star Wars,Multipack,66808,Epic Battle Set,9+,1308,"Dec 31, 2025",US,CA,UK,AU,MX,(Contains 30708 + 75431 + 75435)
Star Wars,Helmet Collection,75304,Darth Vader Helmet,18+,834,"Dec 31, 2025",US,CA,UK,AU,MX,
Star Wars,Ultimate Collector Series,75331,The Razor Crest,18+,6187,"Dec 31, 2025",US,CA,UK,AU,MX,
Star Wars,- ,75354,Coruscant Guard Gunship,9+,1083,"Dec 31, 2025",US,CA,UK,AU,MX,(DE/UK) Exclusive to Smyths | (NL) Intertoys
Star Wars,Ultimate Collector Series,75355,X-wing Starfighter,18+,1953,"Dec 31, 2025",US,CA,UK,AU,MX,
Star Wars,- ,75357,Ghost & Phantom II,10+,1394,"Dec 31, 2025",US,CA,UK,AU,MX,"(US, CA, ES, NL, UK) Exclusive to Amazon"
Star Wars,- ,75362,Ahsoka Tano's T-6 Jedi Shuttle,9+,601,"Dec 31, 2025",US,CA,UK,AU,MX,
Star Wars,-,75374,The Onyx Cinder,10+,1325,"Dec 31, 2025",US,CA,UK,AU,MX,
Star Wars,Midi-scale,75376,Tantive IV,18+,654,"Dec 31, 2025",US,CA,UK,AU,MX,
Star Wars,Midi-scale,75377,Invisible Hand,18+,557,"Dec 31, 2025",US,CA,UK,AU,MX,(US) Exclusive to Target | (DE) Müller | (NL) Bol | (UK) The Entertainer
Star Wars,-,75378,BARC Speeder Escape ,8+,221,"Dec 31, 2025",US,CA,UK,AU,MX,
Star Wars,Diorama Collection,75380,Mos Espa Podrace Diorama,18+,718,"Dec 31, 2025",US,CA,UK,AU,MX,
Star Wars,-,75381,Droideka,18+,583,"Dec 31, 2025",US,CA,UK,AU,MX,
Star Wars,-,75383,Darth Maul's Sith Infiltrator,9+,640,"Dec 31, 2025",US,CA,UK,AU,MX,(US) Exclusive to Walmart
Star Wars,-,75384,The Crimson Firehawk (4+),4+,136,"Dec 31, 2025",US,CA,UK,AU,MX,
Star Wars,-,75385,Ahsoka Tano's Duel on Peridea,8+,382,"Dec 31, 2025",US,CA,UK,AU,MX,
Star Wars,-,75386,Paz Vizsla And Moff Gideon Battle,7+,289,"Dec 31, 2025",US,CA,UK,AU,MX,Connects with 75373
Star Wars,-,75387,Boarding the Tantive IV,8+,502,"Dec 31, 2025",US,CA,UK,AU,MX,
Star Wars,Character Mech,75390,Luke Skywalker X-Wing Mech,6+,195,"Dec 31, 2025",US,CA,UK,AU,MX,
Star Wars,-,75392,Creative Play Droid™ Builder,9+,1186,"Dec 31, 2025",US,CA,UK,AU,MX,(US) Exclusive to Target
Star Wars,Rebuild the Galaxy,75393,TIE Fighter & X-Wing Mash-up,9+,1063,"Dec 31, 2025",US,CA,UK,AU,MX,
Star Wars,UCS Add-on,75396,Desert Skiff & Sarlacc Pit ,9+,558,"Dec 31, 2025",US,CA,UK,AU,MX,
Star Wars,Holiday,75418,Star Wars Advent Calendar 2025,6+,263,"Dec 31, 2025",US,CA,UK,AU,MX,
Star Wars,- ,75325,The Mandalorian's N-1 Starfighter,9+,412,"Jul 31, 2026",US,CA,UK,AU,MX,
Star Wars,- ,75333,Obi-Wan Kenobi's Jedi Starfighter,7+,282,"Jul 31, 2026",US,CA,UK,AU,MX,
Star Wars,- ,75337,AT-TE Walker,9+,1082,"Jul 31, 2026",US,CA,UK,AU,MX,
Star Wars,- ,75345,501st Clone Troopers Battle Pack,6+,119,"Jul 31, 2026",US,CA,UK,AU,MX,
Star Wars,- ,75347,TIE Bomber,9+,625,"Jul 31, 2026",US,CA,UK,AU,MX,
Star Wars,Helmet Collection,75349,Captain Rex Helmet,18+,854,"Jul 31, 2026",US,CA,UK,AU,MX,
Star Wars,Midi-scale,75356,Executor Super Star Destroyer,18+,630,"Jul 31, 2026",US,CA,UK,AU,MX,"(US, CA) Exclusive to Walmart | (DE/UK) Smyths"
Star Wars,-,75373,Ambush On Mandalore Battle Pack,6+,109,"Jul 31, 2026",US,CA,UK,AU,MX,Connects with 75386
Star Wars,Rebuild the Galaxy,75388,Jedi Bob's Starfighter,8+,305,"Jul 31, 2026",US,CA,UK,AU,MX,
Star Wars,Microfighter,75391,Captain Rex Y-Wing Microfighter,6+,99,"Jul 31, 2026",US,CA,UK,AU,MX,
Star Wars,-,75401,Ahsoka's Jedi Interceptor,8+,290,"Jul 31, 2026",US,CA,UK,AU,MX,
Star Wars,Midi-scale,75404,Acclamator-class Assault Ship,18+,450,"Jul 31, 2026",US,CA,UK,AU,MX,
Star Wars,Midi-scale,75405,Home One Starcruiser,18+,559,"Jul 31, 2026",US,CA,UK,AU,MX,
Star Wars,Ultimate Collector Series,75192,Millennium Falcon,16+,7541,"Dec 31, 2026",US,CA,UK,AU,MX,
Star Wars,Helmet Collection,75328,The Mandalorian Helmet,18+,584,"Dec 31, 2026",US,CA,UK,AU,MX,
Star Wars,Ultimate Collector Series,75367,Venator-class Republic Attack Cruiser,18+,5374,"Dec 31, 2026",US,CA,UK,AU,MX,(DE) Exclusive to Alternate | (UK) Argos
Star Wars,-,75372,Clone Trooper & Battle Droid Battle Pack,7+,215,"Dec 31, 2026",US,CA,UK,AU,MX,
Star Wars,Ultimate Collector Series,75382,TIE Interceptor,18+,1931,"Dec 31, 2026",US,CA,UK,AU,MX,
Star Wars,Rebuild the Galaxy,75389,The Dark Falcon,10+,1579,"Dec 31, 2026",US,CA,UK,AU,MX,
Star Wars,-,75394,Imperial Star Destroyer,10+,1555,"Dec 31, 2026",US,CA,UK,AU,MX,(US) Exclusive to Amazon
Star Wars,Ultimate Collector Series,75397,Jabba's Sail Barge,18+,3942,"Dec 31, 2026",US,CA,UK,AU,MX,
Star Wars,-,75399,Rebel U-wing Starfighter,8+,594,"Dec 31, 2026",US,CA,UK,AU,MX,
Star Wars,Microfighter,75400,Plo Koon's Jedi Starfighter Microfighter,6+,89,"Dec 31, 2026",US,CA,UK,AU,MX,(US) Exclusive to Walmart until August
Star Wars,Midi-scale,75406,Kylo Ren's Command Shuttle,18+,386,"Dec 31, 2026",US,CA,UK,AU,MX,(US) Exclusive to Walmart
Star Wars,-,75410,Mando and Grogu's N-1 Starfighter,4+,92,"Dec 31, 2026",US,CA,UK,AU,MX,
Star Wars,Battle Pack,75412,Death Trooper & Night Trooper Battle Pack,6+,119,"Dec 31, 2026",US,CA,UK,AU,MX,(US) Exclusive to Walmart until August
Star Wars,-,75413,Republic Juggernaut,9+,813,"Dec 31, 2026",US,CA,UK,AU,MX,
Star Wars,Rebuild the Galaxy,75414,The Force Burner Snowspeeder,7+,349,"Dec 31, 2026",US,CA,UK,AU,MX,
Star Wars,Helmet Collection,75415,Kylo Ren Helmet,18+,529,"Dec 31, 2026",US,CA,UK,AU,MX,(US) Exclusive to Walmart
Star Wars,-,75428,Battle Droid with STAP,12+,1088,"Dec 31, 2026",US,CA,UK,AU,MX,(WW) Exclusive to Amazon
Star Wars,Helmet Collection,75429,AT-AT Driver Helmet,18+,730,"Dec 31, 2026",US,CA,UK,AU,MX,(US) Exclusive to Target
Star Wars,- ,75430,Wicket the Ewok,12+,1010,"Dec 31, 2026",US,CA,UK,AU,MX,(US) TBA exclusive
Star Wars,-,75402,ARC-170 Starfighter,9+,497,"Jul 31, 2027",US,CA,UK,AU,MX,
Star Wars,Helmet Collection,75408,Jango Fett Helmet,18+,616,"Jul 31, 2027",US,CA,UK,AU,MX,
Star Wars,Character Mech,75411,Darth Maul Mech,6+,143,"Jul 31, 2027",US,CA,UK,AU,MX,(US) Exclusive to Walmart until August
Star Wars,-,75416,Chopper (C1-10P),10+,1039,"Jul 31, 2027",US,CA,UK,AU,MX,
Star Wars,Battle Pack,75431,327th Star Corps Battle Pack ,7+,258,"Jul 31, 2027",US,CA,UK,AU,MX,
Star Wars,- ,75432,V-19 Torrent Starfighter,9+,567,"Jul 31, 2027",US,CA,UK,AU,MX,
Star Wars,-,75434,K-2SO,10+,845,"Jul 31, 2027",US,CA,UK,AU,MX,
Star Wars,Holiday,40806,Gingerbread AT-AT,10+,697,"Dec 31, 2027",US,CA,UK,AU,MX,(WW) Exclusive to LEGO
Star Wars,Midi-scale,75375,Millennium Falcon,18+,921,"Dec 31, 2027",US,CA,UK,AU,MX,
Star Wars,-,75379,R2-D2,10+,1050,"Dec 31, 2027",US,CA,UK,AU,MX,
Star Wars,-,75398,C-3PO,18+,1138,"Dec 31, 2027",US,CA,UK,AU,MX,
Star Wars,-,75403,Grogu with Hover Pram,10+,1048,"Dec 31, 2027",US,CA,UK,AU,MX,
Star Wars,Logo,75407,Brick-Built Star Wars Logo,18+,700,"Dec 31, 2027",US,CA,UK,AU,MX,
Star Wars,Ultimate Collector Series,75409,Jango Fett's Starship,18+,2970,"Dec 31, 2027",US,CA,UK,AU,MX,
Star Wars,Ultimate Collector Series,75417,AT-ST Walker,18+,1513,"Dec 31, 2027",US,CA,UK,AU,MX,
Star Wars,-,75433,Jango Fett's Starship,9+,707,"Dec 31, 2027",US,CA,UK,AU,MX,
Star Wars,- ,75435,Battle of Felucia Separatist MTT,9+,976,"Dec 31, 2027",US,CA,UK,AU,MX,
Star Wars,Ultimate Collector Series,75419,Death Star,18+,9019,"Dec 31, 2028",US,CA,UK,AU,MX,
Technic,-,30710,Skid-Steer Loader (Polybag),7,52,"Dec 31, 2025",US,CA,UK,AU,MX,
Technic,Supercar (1:8),42115,Lamborghini Sián FKP 37,18+,3696,"Dec 31, 2025",US,CA,UK,AU,MX,
Technic,- ,42141,McLaren Formula 1 Race Car,18+,1434,"Dec 31, 2025",US,CA,UK,AU,MX,
Technic,- ,42146,Liebherr Crawler Crane LR 13000,18+,2883,"Dec 31, 2025",US,CA,UK,AU,MX,
Technic,- ,42156,PEUGEOT 9X8 24H Le Mans Hybrid Hypercar,18+,1775,"Dec 31, 2025",US,CA,UK,AU,MX,
Technic,- ,42159,Yamaha MT-10 SP,18+,1478,"Dec 31, 2025",US,CA,UK,AU,MX,
Technic,-,42163,Heavy-Duty Bulldozer,7+,195,"Dec 31, 2025",US,CA,UK,AU,MX,
Technic,Formula 1,42165,Mercedes-AMG F1 W14 Pull-Back,7+,240,"Dec 31, 2025",US,CA,UK,AU,MX,
Technic,-,42166,NEOM McLaren Extreme E Team,7+,252,"Dec 31, 2025",US,CA,UK,AU,MX,
Technic,-,42168,John Deere 9700 Forage Harvester,9+,559,"Dec 31, 2025",US,CA,UK,AU,MX,
Technic,-,42169,NEOM McLaren Formula E Team,9+,452,"Dec 31, 2025",US,CA,UK,AU,MX,
Technic,-,42174,Emirates Team New Zealand AC75 Yacht,18+,962,"Dec 31, 2025",US,CA,UK,AU,MX,
Technic,Space,42178,Surface Space Loader LT78,8+,435,"Dec 31, 2025",US,CA,UK,AU,MX,
Technic,-,42180,Mars Crew Exploration Rover,11+,1599,"Dec 31, 2025",US,CA,UK,AU,MX,
Technic,-,42181,VTOL Heavy Cargo Spaceship LT81,10+,1365,"Dec 31, 2025",US,CA,UK,AU,MX,
Technic,-,42182,NASA Apollo Lunar Roving Vehicle - LRV,18+,1913,"Dec 31, 2025",US,CA,UK,AU,MX,
Technic,-,42184,Koenigsegg Jesko Absolut White Hypercar,10+,801,"Dec 31, 2025",US,CA,UK,AU,MX,
Technic,-,42196,Lamborghini Huracán Tecnica Orange,9+,806,"Dec 31, 2025",US,CA,UK,AU,MX,
Technic,- ,42130,BMW M 1000 RR,18+,1921,"Jul 31, 2026",US,CA,UK,AU,MX,
Technic,Supercar (1:8),42143,Ferrari Daytona SP3,18+,3778,"Jul 31, 2026",US,CA,UK,AU,MX,
Technic,- ,42151,Bugatti Bolide,9+,905,"Jul 31, 2026",US,CA,UK,AU,MX,
Technic,- ,42158,NASA Mars Perseverance Rover,10+,1132,"Jul 31, 2026",US,CA,UK,AU,MX,
Technic,- ,42160,Audi RS Q e-tron,10+,914,"Jul 31, 2026",US,CA,UK,AU,MX,
Technic,- ,42161,Lamborghini Huracán Tecnica,9+,806,"Jul 31, 2026",US,CA,UK,AU,MX,
Technic,-,42164,Off-Road Race Buggy,8+,219,"Jul 31, 2026",US,CA,UK,AU,MX,
Technic,-,42167,Mack LR Electric Garbage Truck,8+,503,"Jul 31, 2026",US,CA,UK,AU,MX,
Technic,-,42211,Lunar Outpost Moon Rover Space Vehicle,10+,1082,"Jul 31, 2026",US,CA,UK,AU,MX,
Technic,- ,42154,2022 Ford GT,18+,1468,"Dec 31, 2026",US,CA,UK,AU,MX,
Technic,-,42170,Kawasaki Ninja H2R,10+,643,"Dec 31, 2026",US,CA,UK,AU,MX,
Technic,Formula 1,42171,Mercedes-AMG F1 W14 E Performance,18+,1643,"Dec 31, 2026",US,CA,UK,AU,MX,
Technic,-,42173,Koenigsegg Jesko Absolut Grey Hypercar,10+,801,"Dec 31, 2026",US,CA,UK,AU,MX,
Technic,-,42175,Volvo FMX Truck & EC230 Electric Excavator,10+,2274,"Dec 31, 2026",US,CA,UK,AU,MX,
Technic,-,42176,Porsche GT4 e-Performance Race Car,10+,834,"Dec 31, 2026",US,CA,UK,AU,MX,
Technic,-,42177,Mercedes-Benz G 500 PROFESSIONAL Line,18+,2891,"Dec 31, 2026",US,CA,UK,AU,MX,
Technic,-,42197,Backhoe Loader,7+,104,"Dec 31, 2026",US,CA,UK,AU,MX,
Technic,-,42198,Bush Plane,8+,333,"Dec 31, 2026",US,CA,UK,AU,MX,
Technic,-,42199,Monster Jam DIGatron Pull-Back,7+,218,"Dec 31, 2026",US,CA,UK,AU,MX,
Technic,-,42200,Monster Jam ThunderROARus Pull-Back,7+,232,"Dec 31, 2026",US,CA,UK,AU,MX,
Technic,-,42201,Deep-Sea Research Submarine,9+,413,"Dec 31, 2026",US,CA,UK,AU,MX,
Technic,-,42203,Tipping Dump Truck,9+,462,"Dec 31, 2026",US,CA,UK,AU,MX,
Technic,-,42204,Fast & Furious Toyota Supra MK4,9+,810,"Dec 31, 2026",US,CA,UK,AU,MX,
Technic,-,42205,Chevrolet Corvette Stingray (Yellow),9+,732,"Dec 31, 2026",US,CA,UK,AU,MX,
Technic,-,42214,Lamborghini Revuelto,10+,1135,"Dec 31, 2026",US,CA,UK,AU,MX,
Technic,-,42217,Chevrolet Corvette Stingray (Blue),9+,732,"Dec 31, 2026",US,CA,UK,AU,MX,(US) Exclusive to Costco
Technic,-,42202,Ducati Panigale V4 S Motorcycle,18+,1603,"Jul 31, 2027",US,CA,UK,AU,MX,
Technic,-,42209,Volvo L120 Electric Wheel Loader,9+,973,"Jul 31, 2027",US,CA,UK,AU,MX,
Technic,-,42215,Volvo EC500 Hybrid ,18+,2359,"Jul 31, 2027",US,CA,UK,AU,MX,
Technic,Supercar (1:8),42172,McLaren P1,18+,3893,"Dec 31, 2027",US,CA,UK,AU,MX,
Technic,Space,42179,Planet Earth and Moon in Orbit,10+,526,"Dec 31, 2027",US,CA,UK,AU,MX,
Technic,Formula 1,42206,Oracle Red Bull Racing RB20 F1 Car,18+,1639,"Dec 31, 2027",US,CA,UK,AU,MX,
Technic,Formula 1,42207,Ferrari SF-24 F1 Car,18+,1361,"Dec 31, 2027",US,CA,UK,AU,MX,
Technic,-,42208,Aston Martin Valkyrie,,,"Dec 31, 2027",US,CA,UK,AU,MX,
Technic,-,42210,2 Fast 2 Furious Nissan Skyline GT-R (R34) Car,,,"Dec 31, 2027",US,CA,UK,AU,MX,
Technic,-,42212,Ferrari FXX K,,,"Dec 31, 2027",US,CA,UK,AU,MX,
Technic,-,42213,Ford Bronco SUV,,,"Dec 31, 2027",US,CA,UK,AU,MX,
Technic,-,42223,1966 Ford GT40 MKII Race Car,18+,793,"Dec 31, 2028",US,CA,UK,AU,MX,
The Legend of Zelda,-,77092,Great Deku Tree 2-in-1,18+,2500,"Jul 31, 2026",US,CA,UK,AU,MX,
Wednesday,-,76780,Wednesday Addams Figure,10+,702,"Dec 31, 2025",US,CA,UK,AU,MX,
Wednesday,-,76781,Wednesday & Enid's Dorm Room,10+,750,"Dec 31, 2025",US,CA,UK,AU,MX,
Wednesday,-,76785,Thing's Apartment,10+,828,"Jul 31, 2026",US,CA,UK,AU,MX,
Wednesday,-,76784,Black Dahlia Flower,,,"Dec 31, 2026",US,CA,UK,AU,MX,
Wednesday,-,76786,Morticia's Cottage,10+,1002,"Dec 31, 2026",US,CA,UK,AU,MX,
Wicked,-,75681,"Glinda, Elphaba & Nessarose at Shiz University",7+,304,"Dec 31, 2025",US,CA,UK,AU,MX,
Wicked,-,75683,Glinda & Elphaba's Dormitory,8+,740,"Dec 31, 2025",US,CA,UK,AU,MX,
Wicked,-,75682,Elphaba & Glinda Figures,10+,558,"Jul 31, 2026",US,CA,UK,AU,MX,
Wicked,-,75684,Welcome to Emerald City,9+,945,"Dec 31, 2026",US,CA,UK,AU,MX,
Wicked,-,75685,Emerald City Wall Art,18+,1518,"Dec 31, 2026",US,CA,UK,AU,MX,
Wicked,-,75687,Elphaba's Retreat,7+,228,"Jul 31, 2027",US,CA,UK,AU,MX,
Wicked,Book Nook,75691,Glinda & Elphaba Bookends,18+,1327,"Jul 31, 2027",US,CA,UK,AU,MX,(US) Target exclusive        
Wicked,-,75688,Glinda's Wedding Day,8+,476,"Dec 31, 2027",US,CA,UK,AU,MX,
Wicked,-,75689,Emerald City & Kiamo Ko Castle,9+,860,"Dec 31, 2027",US,CA,UK,AU,MX,
Wicked,-,75690,Glinda & Elphaba Visit Munchkinland,9+,744,"Dec 31, 2027",US,CA,UK,AU,MX,(WW) Exclusive to TBA
"Brick Tap partners with Rakuten Advertising, receiving a commission every time you make a qualified purchase using one of our links. You can find Rakuten's privacy policy here.",,,,,,,,,,,,